"name","country","region","customer_type","zip_code","amount_seats","created_at"
Tourismuszentrale Rostock & Warnemünde ,DE,Mecklenburg-Vorpommern,"Kammern, Verbände","18055",15,2025-01-28 11:21:53.706 +0100
Gemeinde Ubstadt-Weiher,,,,,25,2026-08-07 12:59:38.356 +0200
Amt Nennhausen,,Brandenburg,,"14715",25,2026-05-21 10:01:56.055 +0200
Marktgemeinde Raab,AT,,,"4760",1,2026-09-19 16:15:27.695 +0200
Stadt Wesel,,Nordrhein-Westfalen,,,1000,2026-04-01 11:33:25.411 +0200
Gemeinde Wilhelmsfeld,DE,Baden-Württemberg,,"69259",2,2026-02-25 15:18:46.020 +0100
Gemeinde Abtsgmünd,DE,Baden-Württemberg,,"73453",3,2026-02-24 15:03:37.742 +0100
Tamm,DE,Baden-Württemberg,Städte,"71732",0,2026-09-22 20:08:42.236 +0200
Stadt Rheine,DE,Nordrhein-Westfalen,,"48431",18,2024-12-20 08:55:42.953 +0100
Stadt Bad Bentheim,DE,Niedersachsen,Städte,,25,2026-08-20 08:46:03.154 +0200
Gemeindeverwaltung Königswartha,DE,,,"02699",3,2026-09-28 08:48:11.395 +0200
Evangelisch-lutherischer Kirchenkreisverband Osnabrück-Stadt und -Land,DE,Niedersachsen,Sonstiges,"0541",25,2026-07-02 15:23:07.887 +0200
Verwaltungsgemeinschaft Stiefenhofen,DE,,,"88167",4,2026-09-30 09:49:29.299 +0200
ITEBO Informationstechnologie Emsland Bentheim Osnabrück GmbH,,Niedersachsen,,"38122",5,2026-01-21 15:48:19.826 +0100
VG-Maxdorf,DE,Rheinland-Pfalz,Gemeindeverbände,"67133",0,2026-08-31 10:52:12.936 +0200
Gemeinde Ingersheim,DE,Baden-Württemberg,Gemeinden,"74379",30,2026-09-30 13:04:40.504 +0200
Stadtverwaltung Riesa,DE,,,"01589",2,2026-09-07 08:48:44.047 +0200
Stadt Münster,DE,Nordrhein-Westfalen,Städte,"48127",200,2026-08-28 14:18:31.845 +0200
Gemeinde Pettneu am Arlberg,AT,Tirol,Gemeinden,"6574",2,2026-09-14 08:15:42.253 +0200
Stadt Ennepetal,DE,,,"58256",1000,2026-09-17 07:30:02.859 +0200
S24 - Gemeinde Jade,DE,Niedersachsen,Gemeinden,"26349",0,2026-09-16 09:24:59.097 +0200
Markt Sulzberg,,,,,2,2026-08-10 07:54:47.210 +0200
Stadt Herzberg (Elster),DE,,,"04916",2,2026-08-12 12:14:56.733 +0200
Schalchen (Testlizenz),,,,,2,2026-08-20 09:56:36.567 +0200
VG-Nahe-Glan,,,,,0,2026-08-14 11:36:00.293 +0200
Desselbrunn (Testlizenz),,,,,2,2026-08-17 11:13:17.016 +0200
Stadt Bad Schussenried,,,,,30,2026-08-10 10:42:44.069 +0200
Gemeinde Krayenberggemeinde,,Thüringen,,"36460",30,2026-06-25 09:22:58.642 +0200
Kreis Minden-Lübbecke ,,Nordrhein-Westfalen,,,30,2026-07-22 09:19:57.621 +0200
Bad Wildbad,,,,,2,2026-08-18 11:09:26.955 +0200
Stadtverwaltung Altenburg,,,,,30,2026-08-17 12:06:22.139 +0200
Stadtamt Braunau am Inn,AT,Oberösterreich,Städte,,4,2026-07-01 06:21:41.127 +0200
Gemeinde Rhauderfehn,DE,Niedersachsen,Gemeinden,,30,2026-08-12 17:34:54.975 +0200
Langenargen,DE,Baden-Württemberg,Gemeinden,,5,2026-06-19 14:58:29.595 +0200
Gemeinde Faistenau,AT,Tirol,Gemeinden,"5324",2,2026-09-14 09:24:02.999 +0200
Waldkirchen am Wesen (Testlizenz),AT,Oberösterreich,Gemeinden,"4085",2,2026-09-30 14:33:05.108 +0200
Demo Organisation SpeechMind,DE,Sachsen,,"01097",20,2025-04-03 07:17:05.032 +0200
Landratsamt Neuburg-Schrobenhausen,DE,,,"86633",1000,2026-08-24 10:50:35.282 +0200
Unterhaching,DE,Bayern,Gemeinden,"82008",0,2026-08-31 11:02:03.429 +0200
Prambachkirchen (Testlizenz),,,,,2,2026-06-29 08:25:39.937 +0200
Stadt Haldensleben,DE,,,"39340",1000,2026-08-19 10:04:08.120 +0200
Bertelsmann SE & Co. KGaA,DE,Nordrhein-Westfalen,Privatwirtschaftliche Unternehmen,"33311",30,2026-09-03 09:09:39.500 +0200
Kassenärztliche Vereinigung Hessen,DE,Hessen,"Kammern, Verbände","60486",30,2026-09-16 16:07:41.644 +0200
Uelsen,DE,Niedersachsen,Gemeindeverbände,"49843",0,2026-09-22 20:44:02.571 +0200
Stadt Lauchhammer,DE,,,"01979",1000,2026-09-17 08:26:27.050 +0200
Stadt Neuenbürg,DE,Baden-Württemberg,Städte,"75305",30,2026-08-25 16:18:46.318 +0200
Gemeinde Kleinostheim,DE,,,"63801",2,2026-09-30 09:50:29.039 +0200
Gemeindeverwaltung Großdubrau,DE,Sachsen,Gemeinden,"02694",30,2026-09-21 13:28:56.644 +0200
S24 - Samtgemeinde Bevern (2),,,,,0,2026-06-10 11:01:59.330 +0200
S24 - Gemeinde Alfter,,,,,0,2026-06-16 07:01:07.619 +0200
Steinen,,,,,0,2026-08-21 08:27:33.198 +0200
FMSicherheit Flughafen München,DE,Bayern,Privatwirtschaftliche Unternehmen,"85356",1,2026-10-01 13:40:23.858 +0200
Marktgemeinde Mariapfarr,,,,,2,2026-06-30 09:37:21.300 +0200
Elsterwerda,,,,,0,2026-08-05 16:01:34.818 +0200
Gemeinde Eichstetten am Kaiserstuhl,,,,,2,2026-08-07 15:28:56.659 +0200
Gemeinde Göriach,,,,,2,2026-06-30 11:06:16.134 +0200
Markt Peiting,,,,,30,2026-08-17 12:45:44.372 +0200
Landratsamt Unstrut-Hainich-Kreis,,,,,25,2026-08-14 11:40:51.408 +0200
Kusterdingen,,,,,2,2026-08-10 11:46:17.556 +0200
Waldshut-Tiengen,DE,Baden-Württemberg,Städte,"79761",2,2026-08-24 15:32:57.715 +0200
Stadtverwaltung Nordhausen,DE,,,"99734",2,2026-09-30 11:25:38.949 +0200
Nieheim,DE,Nordrhein-Westfalen,Städte,"33039",0,2026-09-22 21:10:56.564 +0200
Gemeindeverwaltung Niederau,,,,,2,2026-06-23 15:15:19.209 +0200
Stadt Leer,DE,Niedersachsen,Städte,"26789",1000,2026-06-17 09:10:16.164 +0200
Gemeinde Wilnsdorf,DE,Nordrhein-Westfalen,,"57234",30,2026-07-02 15:53:19.749 +0200
Baltmannsweiler,DE,Baden-Württemberg,Gemeinden,"713666",1000,2026-08-31 17:14:18.102 +0200
Stadt Lörrach,DE,,,"79539",1000,2026-09-03 09:50:13.381 +0200
Stadtwerke Karlsruhe GmbH,DE,Baden-Württemberg,Privatwirtschaftliche Unternehmen,"76185",30,2026-08-25 16:54:44.877 +0200
Kirchberg-Thening (Testlizenz),AT,Oberösterreich,Gemeinden,"4062",2,2026-09-30 14:39:41.239 +0200
Stadt Lünen,DE,Nordrhein-Westfalen,Städte,"44532",30,2026-09-17 08:28:25.061 +0200
Stadt Schramberg,DE,Baden-Württemberg,Städte,"78713",5,2026-09-07 11:46:37.822 +0200
Gemeinde Senden,DE,Nordrhein-Westfalen,Gemeinden,"48308",25,2026-09-21 13:32:05.310 +0200
Gemeinde Thurn,AT,Tirol,Gemeinden,"9904",2,2026-10-01 14:02:07.827 +0200
Gudensberg,,,,,0,2026-08-12 17:34:51.718 +0200
Arnstadt,,,,,0,2026-08-06 13:00:54.408 +0200
Filderstadt,,,,,0,2026-08-06 14:35:20.073 +0200
S24 - Stadt Halle,,,,,0,2026-08-10 14:50:18.030 +0200
"Bezirksamt Neukölln, Geschäftsbereich Soziales und Gesundheit",DE,Berlin,Städte,"12043",5,2025-07-10 10:37:31.515 +0200
Stadt Öhringen,DE,Baden-Württemberg,Städte,"74613",30,2026-06-25 09:45:45.599 +0200
Inntalcenter Telfs,AT,Tirol,Privatwirtschaftliche Unternehmen,"6410",2,2026-09-21 14:44:52.321 +0200
Marktgemeinde Riedau,AT,,,"4752",1,2026-08-26 07:00:47.891 +0200
Stadtwerke Haldensleben GmbH,DE,Niedersachsen,Städte,"39340",25,2026-06-22 11:01:29.967 +0200
Stadt Burghausen,DE,Bayern,Städte,"84489",90,2026-09-03 10:31:55.076 +0200
TVB Salzburger Lungau Katschberg,AT,Salzburg,Sonstiges,"5581",2,2026-09-01 08:01:20.026 +0200
Gemeinde Magstadt,,Baden-Württemberg,,"71106",30,2026-06-23 08:23:13.283 +0200
Landratsamt Breisgau-Hochschwarzwald - Stabsbereich 01 / Geschäftsstelle Kreistag,DE,Baden-Württemberg,Landkreise,"79104",2,2026-08-24 16:32:44.034 +0200
Gemeinde Schwanau,DE,Baden-Württemberg,Gemeinden,"77963",30,2026-09-07 13:14:21.729 +0200
Saarland Heilstätten GmbH,DE,,,"66119",1000,2026-08-13 11:14:16.077 +0200
Stadtverwaltung Sinsheim,DE,Baden-Württemberg,Städte,"74889",30,2026-06-19 13:36:54.490 +0200
Bad Hall (Testlizenz),AT,Oberösterreich,Städte,"4540",2,2026-09-14 11:49:13.053 +0200
Gemeinde Lohsa,DE,,,"02999",2,2026-09-30 16:10:39.257 +0200
Ministerium für Verkehr Baden-Württemberg ,DE,,,"70173",5,2026-09-17 09:43:45.548 +0200
Landratsamt Meißen,DE,Sachsen,Landkreise,"01662",1000,2026-10-01 14:19:14.521 +0200
Stadt Schönebeck (Elbe),,,,,6,2026-06-26 08:59:47.085 +0200
Gemeinde Heek,DE,Nordrhein-Westfalen,Gemeinden,"48619",7,2026-06-03 13:41:45.292 +0200
Bentheimer Eisenbahn AG,,,,,2,2026-06-17 12:30:40.054 +0200
S24 - Gemeinde Seelbach,,,,,0,2026-07-01 10:42:00.979 +0200
Ort im Innkreis (Testlizenz),,,,,2,2026-06-12 12:20:25.583 +0200
Gemeinde Pfalzgrafenweiler,DE,Baden-Württemberg,,"72285",4,2026-07-03 12:16:10.775 +0200
Gemeinde Bedburg-Hau,DE,Nordrhein-Westfalen,,"47551",2,2026-06-19 12:29:11.537 +0200
S24 - Gemeinde Meckenbeuren,,,,,0,2026-06-18 10:25:55.801 +0200
Stadt Aschersleben,,,,,30,2026-08-06 15:30:35.359 +0200
Schärding (Testlizenz),,,,,2,2026-06-25 13:48:40.371 +0200
Gemeinde Korb,DE,,,"71404",1000,2026-09-14 14:43:36.926 +0200
Landkreis Saarlouis,DE,Saarland,Landkreise,"66740",50,2026-09-01 09:33:24.439 +0200
München,,,,,0,2026-06-05 14:50:50.725 +0200
VG-Rhein-Selz,DE,Rheinland-Pfalz,Gemeindeverbände,"55276",0,2026-08-26 08:34:50.423 +0200
Stadt Norden,DE,Niedersachsen,Städte,"26506",25,2026-08-24 17:02:44.777 +0200
Stadtgemeinde Imst,AT,Tirol,Gemeinden,"6460",2,2026-09-17 10:15:15.639 +0200
Verwaltungsgemeinschaft Diespeck,,,,,25,2026-08-07 17:03:02.519 +0200
Bensheim,DE,Hessen,Städte,"64625",0,2026-09-23 07:44:42.745 +0200
Demo ekom21 – KGRZ Hessen,,,,,2,2026-08-18 11:26:04.986 +0200
Nordhausen (LRA),DE,Thüringen,Landkreise,"99734",0,2026-09-03 15:52:26.996 +0200
Landhagen (Amt) in Neuenkirchen,DE,Mecklenburg-Vorpommern,Städte,"17498",0,2026-10-01 14:34:48.402 +0200
Gemeinde Sinzheim,DE,Baden-Württemberg,Gemeinden,"76547",25,2026-09-21 10:44:45.635 +0200
Ohlsdorf (Testlizenz),,,,,2,2026-08-19 15:25:23.753 +0200
Stadt Monschau,DE,Nordrhein-Westfalen,Städte,"52156",2,2026-07-03 11:29:44.805 +0200
Stadt Netphen,DE,Nordrhein-Westfalen,Städte,"57250",30,2026-09-07 13:32:55.229 +0200
Spremberg,,,,,0,2026-07-03 11:18:55.450 +0200
Ostfildern,,,,,2,2026-06-10 13:08:58.140 +0200
Ingelheim,,,,,0,2026-08-21 08:49:01.566 +0200
Verbandsgemeinde Otterbach-Otterberg,DE,Rheinland-Pfalz,Gemeindeverbände,"67697",1000,2026-09-30 16:44:15.148 +0200
Edenkoben,,,,,0,2026-06-15 13:54:58.406 +0200
Waizenkirchen (Testlizenz),,,,,2,2026-06-12 12:13:46.919 +0200
kdvz - Gemeinde Nörvenich,,,,,0,2026-05-12 13:41:45.112 +0200
S24 - Samtgemeinde Bevern,,,,,0,2026-05-13 07:07:40.790 +0200
Amt Landschaft Sylt,,,,,0,2026-08-13 11:26:50.404 +0200
S24 - Stadt Lingen (Ems),,,,,0,2026-01-27 11:25:47.925 +0100
KDVZ - Stadt Attendorn,,,,,0,2026-01-27 11:26:45.498 +0100
S24 - Stadt Bönnigheim,,,,,0,2026-05-15 08:50:09.955 +0200
Andorf (Testlizenz),,,,,2,2025-12-22 10:19:42.372 +0100
Bad Wimsbach-Neydharting (Testlizenz),AT,Oberösterreich,Gemeinden,"4654",2,2026-08-26 10:12:06.712 +0200
Gemeinde Augustdorf,,Nordrhein-Westfalen,,"32832",2,2026-06-19 09:16:43.859 +0200
Rottenburg,,,,,2,2026-06-29 09:18:59.220 +0200
Stadt Olbernhau,,,,,30,2026-08-18 14:45:19.291 +0200
Albertinen Krankenhaus,DE,Hamburg,Privatwirtschaftliche Unternehmen,"22457",30,2026-06-19 12:09:01.216 +0200
Gengenbach,DE,Baden-Württemberg,Städte,"77723",0,2026-09-23 08:09:49.315 +0200
Fritz Winter Eisengießerei GmbH & Co. KG,DE,,,"35260",4,2026-08-24 17:51:38.559 +0200
Ebensee am Traunsee (Testlizenz) ,,,,,2,2026-06-30 11:17:31.086 +0200
TVB Kitzbüheler Alpen Brixental,,,,,2,2026-07-01 10:54:13.935 +0200
Stadt Ahlen,,,,,15,2025-06-17 14:10:31.813 +0200
GVV Waibstadt,DE,Baden-Württemberg,Gemeindeverbände,"74915",30,2026-09-28 15:10:36.888 +0200
Stadt Halle (Westf.),DE,,,"33790",2,2026-09-07 16:01:15.829 +0200
Gemeindeverwaltung Steinhagen,DE,,,"33803",7,2026-09-01 11:04:58.831 +0200
Silberhoamat Schwaz,AT,Tirol,Gemeindeverbände,"6130",2,2026-09-17 10:31:55.136 +0200
Gemeinde Bach,,,,,2,2026-08-06 15:49:01.440 +0200
Stadt Essen,DE,Nordrhein-Westfalen,Städte,"45145",30,2026-09-14 16:24:48.857 +0200
Bad Marienberg,,,,,0,2026-06-26 08:45:18.062 +0200
Stadt Rottweil,DE,,,"78628",5,2026-09-30 17:11:24.060 +0200
Königswiesen (Testlizenz),AT,Oberösterreich,Gemeinden,"4280",2,2026-10-01 15:14:34.483 +0200
Molln (Testlizenz),,,,,2,2026-06-29 14:22:06.052 +0200
Uni Wuppertal,,,,,10,2025-10-03 15:14:13.567 +0200
Stadt Euskirchen,,,,,30,2026-08-13 10:02:35.847 +0200
Gemeindeverwaltung Remshalden,DE,,,"73630",5,2026-08-19 16:27:23.141 +0200
Wallfahrtsstadt Kevelaer,DE,Nordrhein-Westfalen,Städte,"47623",30,2026-08-26 12:03:31.276 +0200
GER Gewerbeimmobilien Reutlingen GmbH & Co. KG,,,,,30,2026-08-21 14:58:38.756 +0200
Gemeinde Viehhofen,AT,Salzburg,Gemeinden,"5752",2,2026-09-08 08:25:28.511 +0200
Gemeinde Windeck,DE,,,"51570",4,2026-09-23 10:06:49.501 +0200
Vorderweißenbach (Testlizenz),,,,,2,2025-12-16 15:11:49.918 +0100
Aistersheim (Testlizenz),,,,,2,2025-12-10 12:51:51.713 +0100
Gemeinde Böhmenkirch,DE,Baden-Württemberg,Städte,"89558",2,2026-06-16 09:45:53.547 +0200
Große Kreisstadt Germering,DE,Bayern,Städte,"82110",2,2026-06-17 13:44:36.974 +0200
Braunschweig Beteiligungen GmbH,DE,Niedersachsen,Privatwirtschaftliche Unternehmen,"38126",2,2025-01-17 10:43:33.106 +0100
Gschwand (Testlizenz),,,,,2,2026-06-25 13:27:46.252 +0200
Kleinzell im Mühlkreis (Testlizenz),,,,,2,2026-03-19 10:30:00.704 +0100
Landkreis Osnabrück,DE,Niedersachsen,Landkreise,"49082",40,2026-06-16 09:18:03.565 +0200
S24 - Gemeinde Lotte,DE,Nordrhein-Westfalen,Gemeinden,"49504",0,2026-09-01 11:45:15.391 +0200
Regionalmanagement Kitzbühel,,,,,2,2025-11-05 14:27:23.677 +0100
Gallneukirchen (Testlizenz),AT,Oberösterreich,Gemeinden,"4210",2,2026-09-15 07:55:59.922 +0200
kdvz - Gemeinde Nettersheim,,,,,0,2026-02-09 07:47:18.642 +0100
Große Kreisstadt Niesky,DE,Sachsen,Städte,"02906",200,2026-09-28 19:30:56.113 +0200
Amt Am Peenestrom ,,Mecklenburg-Vorpommern,,,5,2026-01-15 16:55:15.919 +0100
Wohnungsgenossenschaft Aufbau Dresden eG,,,,,30,2026-08-14 13:49:20.273 +0200
Gemeinde Schmirn,AT,Tirol,Gemeinden,"6154",2,2026-09-17 11:46:46.745 +0200
Stadt Bruchsal,DE,Baden-Württemberg,Städte,"76646",5,2026-06-30 12:18:42.793 +0200
SPD Ortsverein Heidgraben,DE,Schleswig-Holstein,Gemeinnützige Organisationen,"25436",2,2026-10-01 17:02:22.998 +0200
Geislinger Siedlungs- und Wohnungsbau GmbH,DE,Baden-Württemberg,,"73312",1,2026-06-24 09:18:37.926 +0200
Mondsee (Testlizenz),,,,,2,2026-07-01 10:57:03.537 +0200
Stadt Wilhelmshaven,DE,Niedersachsen,Städte,"26382",50,2026-06-11 19:41:17.824 +0200
Stadtverwaltung Erbach,DE,Baden-Württemberg,Städte,"89155",30,2026-06-19 12:38:25.914 +0200
Gemeinde Unterreichenbach,DE,Baden-Württemberg,Gemeinden,"75399",2,2026-06-12 10:35:27.337 +0200
Spelle,DE,Niedersachsen,Gemeinden,"48480",0,2026-08-26 12:28:54.325 +0200
Hargelsberg (Testlizenz),AT,Oberösterreich,Gemeinden,"4483",2,2026-09-02 08:59:54.181 +0200
Gemeinde Inzigkofen,DE,,,"72514",1000,2026-09-23 12:36:32.351 +0200
Stadt Dülmen,DE,Nordrhein-Westfalen,,"48249",17,2025-10-07 08:19:51.238 +0200
Gemeinde St. Koloman,AT,Salzburg,Gemeinden,"5423",2,2026-09-17 12:38:38.866 +0200
Stadt Kleve,DE,Nordrhein-Westfalen,Städte,"47533",30,2026-09-08 08:32:18.658 +0200
Nocker-Metallbau,AT,Tirol,Privatwirtschaftliche Unternehmen,"6145",2,2026-09-28 19:36:47.317 +0200
Gemeinde Oberndorf in Tirol ,AT,Tirol,Gemeinden,"6372",2,2026-08-25 10:56:23.634 +0200
Stadt­ver­wal­tung Bad Kro­zin­gen,DE,Baden-Württemberg,,"79189",25,2026-06-16 20:23:38.024 +0200
Stadt Falkensee,DE,Brandenburg,Städte,"14612",5,2026-07-01 18:41:20.103 +0200
S24 - Gemeinde Nordseeheilbad Wangerooge,,,,,0,2026-04-14 09:30:28.046 +0200
Gemeinde Aldrans,AT,Tirol,Gemeinden,"6071",2,2026-09-17 12:50:17.053 +0200
Caritasverband für den Kreis Coesfeld e.V.,DE,Nordrhein-Westfalen,Gemeinnützige Organisationen,"48653",30,2026-06-02 11:08:42.850 +0200
kdvz - Kreisverwaltung Euskirchen,,,,,0,2026-07-07 09:05:13.799 +0200
Stadt Mannheim,DE,Baden-Württemberg,Städte,"68159",30,2026-08-25 14:22:59.551 +0200
Marktgemeinde Ottnang am Hausruck,AT,Oberösterreich,Gemeinden,,2,2026-04-17 08:34:11.516 +0200
Landkreis Oberspreewald-Lausitz,DE,Brandenburg,Landkreise,"01968",100,2026-06-10 15:55:40.155 +0200
Laakirchen (Testlizenz) ,,,,,2,2026-07-09 11:45:36.969 +0200
S24 - Stadt Brackenheim,,,,,0,2026-07-10 08:53:17.674 +0200
Ditzingen,DE,Baden-Württemberg,Städte,"71254",0,2026-08-26 14:01:47.475 +0200
Landkreis Zollernalbkreis,DE,Baden-Württemberg,,"72336",30,2026-06-18 09:50:35.603 +0200
Vöhringen,,,,,0,2026-07-13 09:44:22.875 +0200
Marchtrenk (Testlizenz),AT,Oberösterreich,Gemeinden,"4614",2,2026-09-02 10:59:08.293 +0200
Stadt Güglingen,DE,Baden-Württemberg,Städte,"74363",3,2025-02-21 14:10:59.334 +0100
Gemeinde Kabelsketal,DE,,,"06184",1000,2026-09-23 13:13:16.601 +0200
Gemeinde Rot am See,DE,,,"74585",2,2026-09-29 07:59:28.906 +0200
S24 - Gemeinde Gundelfingen,,,,,0,2026-01-27 11:34:47.108 +0100
Herrenberg,,,,,0,2026-02-23 08:50:31.389 +0100
Sontheim an der Brenz,,,,,2,2026-04-09 09:54:21.526 +0200
Marktgemeinde Jenbach,,,,,2,2025-04-08 10:52:13.677 +0200
Regau (Testlizenz),,,,,2,2026-04-14 10:01:45.202 +0200
Sächsische Schweiz-Osterzgebirge,,,,,0,2026-03-03 14:23:17.533 +0100
S24 - Stadtverwaltung Prenzlau,,,,,0,2026-02-26 14:41:34.048 +0100
Gemeinde Großgmain,AT,Salzburg,Gemeinden,"5084",2,2026-08-25 14:42:38.920 +0200
S24 - Gemeinde Bietigheim,,,,,0,2026-03-09 06:36:31.764 +0100
S24 - Stadt Bocholt,,,,,0,2026-03-10 10:40:13.667 +0100
Komm.ONE Gremien,DE,Baden-Württemberg,Privatwirtschaftliche Unternehmen,,10,2026-03-23 11:53:39.148 +0100
regio iT - Stadt Versmold,,,,,0,2026-03-11 09:17:36.638 +0100
S24 - Gemeinde Kalletal,,,,,0,2026-03-11 14:36:07.432 +0100
Stadt Hagen,DE,Nordrhein-Westfalen,Städte,"58091",30,2026-08-26 14:26:46.807 +0200
Hofkirchen im Traunkreis (Testlizenz),AT,Oberösterreich,Gemeinden,"4492",2,2026-09-02 11:09:08.043 +0200
S24 - Stadt Breisach am Rhein,,,,,0,2026-04-07 08:21:26.115 +0200
S24 - Stadt Schriesheim,,,,,0,2026-04-08 12:28:25.290 +0200
Institut für sozial-ökologische Forschung (ISOE) GmbH,DE,,,"60486",1000,2026-09-08 10:44:16.691 +0200
Gemeindeverwaltung Birkenfeld,DE,Baden-Württemberg,,"75217",5,2026-07-06 10:20:54.250 +0200
Stadt Baesweiler,DE,Nordrhein-Westfalen,Städte,"52499",30,2026-09-23 13:27:06.703 +0200
Eggelsberg (Testlizenz),,,,,2,2026-01-12 08:15:13.418 +0100
Gemeinde Marktflecken Villmar,DE,Hessen,Gemeinden,"65606",30,2026-09-17 13:14:11.531 +0200
Gemeinde Heusweiler,DE,Saarland,Gemeinden,"66265",2,2026-09-29 09:07:08.355 +0200
Südbrookmerland,,,,,0,2026-05-08 12:43:10.499 +0200
Stadt Brackenheim,DE,Baden-Württemberg,,"74336",50,2026-07-07 09:15:20.236 +0200
Fachhochschule Kufstein Tirol,,,,,2,2025-10-27 08:12:22.157 +0100
S24 - Stadt Bad Pyrmont,,,,,0,2026-01-27 11:33:29.020 +0100
Hallstadt (Testlizenz),,,,,2,2026-02-23 08:29:49.967 +0100
Gemeinde Ellbögen,,,,,2,2026-02-26 08:12:23.205 +0100
Haslach an der Mühl (Testlizenz),,,,,2,2026-03-19 09:57:53.243 +0100
Gemeinde Bissingen an der Teck,DE,,,"73266",2,2026-08-26 15:43:19.979 +0200
Schörfling am Attersee (Testlizenz),,,,,2,2026-04-20 16:03:37.831 +0200
Gemeinde Großbeeren,DE,,,"14979",3,2026-09-24 11:37:56.453 +0200
DRK-Kreisverband Rhein-Neckar / Heidelberg e.V.,DE,Baden-Württemberg,"Kammern, Verbände","69115",50,2026-09-02 12:17:23.153 +0200
Bad Ischl (Testlizenz),,,,,2,2026-07-10 09:50:32.442 +0200
Stadl-Paura (Testlizenz),AT,Oberösterreich,Gemeinden,"4651",2,2026-09-29 14:06:32.450 +0200
Amt Neubukow-Salzhaff,DE,,,"18233",1000,2026-09-08 15:11:18.694 +0200
Gemeinde Hausen im Wiesental,DE,Baden-Württemberg,,"79688",30,2026-07-10 13:29:29.694 +0200
Kastellaun,,,,,0,2026-06-09 07:29:32.978 +0200
Marktgemeinde Thalgau,AT,Salzburg,Gemeinden,"5303",2,2026-09-17 13:15:25.992 +0200
Gemeinde Gerlos,,,,,2,2026-02-18 10:37:01.856 +0100
Rohr im Kremstal (Testlizenz),,,,,2,2026-06-01 16:32:13.783 +0200
Stadt Elsdorf,DE,Nordrhein-Westfalen,Städte,"50189",50,2026-08-25 15:08:00.773 +0200
S24 - Gemeinde Laer,,,,,0,2026-02-10 09:49:05.857 +0100
Marktgemeinde Matrei am Brenner,,,,,2,2025-12-04 13:42:04.484 +0100
Losenstein (Testlizenz),,,,,2,2026-05-11 16:53:14.476 +0200
Kirchdorf an der Krems (Testlizenz) ,,,,,2,2025-12-16 11:03:29.477 +0100
Stadt Melle,DE,Niedersachsen,Städte,"49324",5,2026-07-07 11:51:38.918 +0200
Hochsauerlandkreis,DE,Nordrhein-Westfalen,Landkreise,"59872",30,2026-05-22 10:35:07.657 +0200
Gladbeck,DE,Nordrhein-Westfalen,Städte,"45964",0,2026-08-26 16:10:39.084 +0200
wobra GmbH,,,,,2,2026-06-30 14:23:25.549 +0200
Gemeinde Hintersee,,,,,2,2026-02-26 11:44:17.405 +0100
Stadt Hörstel,DE,Nordrhein-Westfalen,Städte,"48477",200,2026-09-24 11:42:39.435 +0200
Universitätsklinikum Ruppin-Brandenburg GmbH,DE,,,"16816",2,2026-09-02 16:05:43.985 +0200
Musterstadt,,,,,2,2026-03-09 10:30:39.133 +0100
Gmunden (Testlizenz),,,,,2,2025-12-09 15:47:20.800 +0100
Stadt Norden ,DE,Niedersachsen,Städte,"26506",2,2026-09-08 15:16:09.797 +0200
Attnang-Puchheim (Testlizenz),AT,Oberösterreich,Gemeinden,"4800",2,2026-09-17 13:53:59.741 +0200
Pfaffing (Testzugrang),AT,Oberösterreich,Gemeinden,"4870",2,2026-09-29 16:03:38.940 +0200
Ansfelden (Testlizenz),,,,,2,2025-12-03 16:51:10.085 +0100
Munderfing (Testlizenz),,,,,2,2025-12-16 11:07:39.666 +0100
MACH Architektur & Projektmanagement GmbH,,,,,2,2025-11-26 14:53:28.488 +0100
Alberndorf in der Riedmark (Testlizenz),,,,,2,2025-11-25 15:06:25.469 +0100
Kremsmünster (Testlizenz),,,,,2,2025-11-25 15:03:40.338 +0100
Geretsberg (Testlizenz),,,,,2,2025-12-18 10:10:53.619 +0100
Gemeinde St. Martin bei Lofer,,,,,2,2025-12-22 10:25:00.720 +0100
Freinberg (Testlizenz),,,,,2,2025-12-09 16:31:19.234 +0100
Traun (Testlizenz),,,,,2,2026-01-20 15:28:10.176 +0100
Gemeinde Längenfeld,,,,,2,2025-08-21 10:56:59.776 +0200
Große Kreisstadt Annaberg-Buchholz,DE,Sachsen,Städte,"09456",1000,2026-06-29 12:15:32.601 +0200
Stadt Neckarsulm ,DE,Baden-Württemberg,,"74172",50,2026-05-11 11:58:38.198 +0200
Kliniken Landkreis Diepholz gGmbH,DE,Hessen,Sonstiges,"49100",2,2026-09-24 13:13:09.299 +0200
Kreisverwaltung Recklinghausen,DE,Nordrhein-Westfalen,,"45657",5,2026-07-24 07:41:23.604 +0200
Gemeinde Rosengarten,,,,,30,2026-07-24 14:45:39.316 +0200
Marktgemeinde St. Nikola/Donau,AT,Oberösterreich,Gemeinden,,1,2026-03-09 14:40:31.612 +0100
Gemeinde Dalaas,,,,,2,2026-05-22 11:23:44.453 +0200
Gemeinde Forstau,,,,,2,2025-11-13 15:16:26.727 +0100
Marktgemeinde St. Florian,AT,,,"4490",1,2026-05-27 10:32:10.634 +0200
Gemeinde Werfenweng,,,,,2,2025-11-13 14:56:55.977 +0100
"AWO Bezirksverband Rheinland e.V., Remeyerhof, Worms",,,,,2,2026-07-06 14:39:30.027 +0200
Bad Lippspringe,,,,,0,2026-07-13 09:46:49.350 +0200
Grieskirchen (Testlizenz),,,,,2,2025-12-10 14:38:36.888 +0100
Ensdorf,,,,,0,2026-07-20 09:07:19.826 +0200
Stadt Eppingen,DE,Baden-Württemberg,,"75031",2,2026-05-06 14:55:16.397 +0200
Wirtschaftsförderung Sachsen GmbH,DE,Sachsen,Landesebene,"01097",50,2026-09-08 16:14:42.172 +0200
S24 - Gemeinde Deißlingen,,,,,0,2026-02-23 10:56:00.597 +0100
Stadt Schwabmünchen,DE,Bayern,Städte,"86830",30,2026-08-26 16:31:18.392 +0200
Gemeinde Schwendt,AT,Tirol,Gemeinden,"6385",2,2026-09-17 13:59:24.712 +0200
Klaffer am Hochficht (Testlizenz),,,,,2,2026-03-19 10:31:08.154 +0100
Spital am Pyhrn (Testlizenz),,,,,2,2026-04-20 09:31:21.013 +0200
Marktgemeinde Eugendorf,,,,,2,2026-01-21 11:25:12.188 +0100
Gemeinde Weyhe,,Niedersachsen,,,50,2026-08-03 13:40:30.235 +0200
Hüfingen,,,,,2,2026-07-29 09:20:40.003 +0200
Gemeinde Ottersweier,DE,Baden-Württemberg,,,5,2026-04-21 13:18:20.803 +0200
Samtgemeinde Bersenbrück,DE,Niedersachsen,Gemeinden,"49593",10,2026-04-14 13:08:36.428 +0200
Landkreis Leer,DE,Niedersachsen,Landkreise,,30,2026-07-07 10:06:57.639 +0200
Stadt Jena,,Thüringen,,,40,2026-04-30 15:10:21.547 +0200
Sarleinsbach (Testlizenz),,,,,2,2026-03-13 08:01:43.373 +0100
Landkreis Rems-Murr-Kreis,DE,Baden-Württemberg,Landkreise,"71332",30,2026-06-30 14:55:22.244 +0200
Gemeinde Trins,,,,,2,2026-03-19 10:48:45.844 +0100
Stadt Sigmaringen,DE,Baden-Württemberg,Städte,"72488",50,2026-04-10 10:50:07.257 +0200
PSC Public Software & Consulting GmbH,,,,,25,2026-06-02 14:59:43.090 +0200
Gommern,DE,Sachsen-Anhalt,Städte,"39245",0,2026-09-24 14:00:06.679 +0200
Pregarten (Testlizenz),,,,,2,2025-12-09 11:14:50.716 +0100
Landkreis Wittmund,DE,Niedersachsen,Landkreise,"26409",200,2026-09-08 17:03:49.991 +0200
Stadt Sulz am Neckar,DE,Baden-Württemberg,Städte,"72172",30,2026-08-26 16:46:17.521 +0200
Stadt Fürstenwalde/Spree,,Brandenburg,,"15517",1000,2026-07-27 08:41:28.498 +0200
Goldwörth (Testlizenz),AT,Oberösterreich,Gemeinden,"4102",2,2026-09-17 16:19:22.055 +0200
Stadtverwaltung Langenburg,DE,Baden-Württemberg,Städte,"74595",2,2026-06-03 12:33:28.989 +0200
Katsdorf (Testlizenz),,,,,2,2026-01-13 17:09:07.350 +0100
Bad Leonfelden (Testlizenz),,,,,2,2026-02-23 15:24:42.603 +0100
Lorch,DE,Baden-Württemberg,Städte,,2,2026-04-08 11:02:34.960 +0200
Balingen,DE,Baden-Württemberg,Städte,,25,2026-03-30 17:44:33.870 +0200
Stadt Coesfeld,DE,Nordrhein-Westfalen,Städte,"48653",40,2026-04-08 16:16:56.592 +0200
Puchenau (Testlizenz),,,,,2,2026-03-13 10:23:02.568 +0100
HSH Soft- und Hardware Vertriebs GmbH,DE,Brandenburg,Privatwirtschaftliche Unternehmen,"16356",25,2026-06-11 14:50:58.350 +0200
Weng im Innkreis (Testlizenz),,,,,2,2026-03-19 11:58:12.651 +0100
Gemeinde Telfes im Stubai,,,,,2,2026-01-07 09:05:35.692 +0100
Kirchdorf,DE,Niedersachsen,Gemeindeverbände,"27245",0,2026-09-24 14:06:09.727 +0200
VG-Cochem,DE,Rheinland-Pfalz,Gemeindeverbände,"56812",0,2026-08-26 17:18:15.035 +0200
Verwaltungsgemeinschaft Ranis-Ziegenrück,DE,Thüringen,Gemeindeverbände,"07389",50,2026-09-09 09:20:45.643 +0200
Hartkirchen (Testlizenz),AT,Oberösterreich,Gemeinden,"4081",2,2026-09-17 16:22:51.204 +0200
Ried im Traunkreis (Testlizenz),,,,,2,2025-12-09 11:26:18.072 +0100
Gemeinde Hüttau,,,,,2,2025-11-18 12:09:29.142 +0100
Westerland,,,,,0,2026-02-18 11:09:43.212 +0100
S24 - Gemeinde Eisingen,,,,,0,2026-03-23 07:01:42.222 +0100
Waldhausen im Strudengau (Testlizenz),,,,,2,2026-01-15 10:26:30.448 +0100
Gemeinde Virgen,,,,,2,2026-02-03 14:43:48.688 +0100
kiC Sitzungsdienst - Entwicklung,,,,,2,2026-07-27 14:56:44.637 +0200
Gemeinde Pfarrkirchen bei Bad Hall,AT,Oberösterreich,Gemeinden,,1,2026-07-21 08:28:34.160 +0200
Stadt Schloß Holte-Stukenbrock,DE,Nordrhein-Westfalen,Städte,"33758",2,2026-07-27 16:42:31.009 +0200
Bad Schallerbach (Testlizenz),AT,Oberösterreich,Gemeinden,"4701",2,2026-09-24 16:39:37.467 +0200
Gemeinde Schwendi,DE,Baden-Württemberg,,"88477",50,2026-07-30 15:09:00.358 +0200
DYWIDAG Dyckerhoff & Widmann Gesellschaft m.b.H.,AT,,Privatwirtschaftliche Unternehmen,"4030",3,2026-07-15 11:37:36.339 +0200
S24 - Stadt Cloppenburg,,,,,0,2026-01-30 08:07:57.888 +0100
kdvz - Stadt Wesseling,,,,,0,2026-04-20 09:57:49.234 +0200
S24 - Stadt Sachsenheim,,,,,0,2026-05-19 08:39:24.571 +0200
Ayunis DEMO,DE,Bayern,Privatwirtschaftliche Unternehmen,"81541",5,2026-08-26 21:34:57.786 +0200
Amt Schradenland,DE,Brandenburg,Gemeindeverbände,"04932",30,2026-09-09 09:28:35.365 +0200
Gemeinde Wickede (Ruhr),DE,Nordrhein-Westfalen,Gemeinden,"58739",3,2026-03-23 10:47:25.860 +0100
Grünbach (Testlizenz),AT,Oberösterreich,Gemeinden,"4264",2,2026-09-17 16:29:04.901 +0200
Rene Kurtkowiak,,,,,2,2026-06-09 11:04:53.142 +0200
"KDVZ, Frechen",,,,,0,2025-12-19 08:51:49.594 +0100
Oschersleben(Bode),,,,,0,2026-05-27 16:15:57.416 +0200
Tollet (Testlizenz),,,,,2,2026-02-18 11:43:25.953 +0100
Gemeinde Prutz,,,,,2,2025-09-19 11:26:09.214 +0200
Heime Hall,,,,,2,2025-09-18 12:01:05.307 +0200
Gemeinde Wildermieming,,,,,2,2025-09-18 11:39:36.629 +0200
Gemeinde Ebhausen,DE,Baden-Württemberg,,"72224",2,2026-03-06 15:44:55.577 +0100
Kreis Steinfurt,DE,Nordrhein-Westfalen,,,1000,2026-02-27 10:51:23.593 +0100
Gemeinde Hippach,,,,,2,2025-09-18 10:38:40.847 +0200
Stadtverwaltung Bautzen,DE,Sachsen,Städte,"02625",11,2026-03-16 18:42:32.657 +0100
EMUGE,,,,,2,2025-09-17 13:28:46.752 +0200
Gemeinde Pfaffenhofen,,,,,2,2025-09-17 11:29:30.746 +0200
Vorchdorf (Testlizenz),AT,Oberösterreich,Gemeinden,"4655",2,2026-09-24 17:00:46.458 +0200
Gemeinde Bayerisch Gmain,DE,Bayern,Gemeinden,"83457",30,2026-09-17 17:51:37.501 +0200
Tischtennis Baden-Württemberg ,DE,,,"70372",1000,2026-08-27 08:56:14.005 +0200
Stadtverwaltung Hockenheim,DE,Baden-Württemberg,,"68766",8,2026-05-05 14:14:49.956 +0200
Marktgemeinde St. Veit im Pongau,,,,,2,2025-09-16 14:26:22.625 +0200
Gemeinde Dorfgastein,,,,,2,2025-09-16 12:11:22.592 +0200
Stadt Hemer,DE,,,"58675",1000,2026-09-09 16:58:26.084 +0200
Hansestadt Gardelegen,DE,Sachsen-Anhalt,,"39638",30,2026-03-18 15:02:13.732 +0100
Stadtgemeinde Hall in Tirol,,,,,2,2025-09-23 11:23:14.462 +0200
"Wohnungsgenossenschaft ""Lößnitz"" eG",,,,,2,2026-01-22 09:13:24.443 +0100
FB Ketten HandelsgesmbH,,,,,2,2026-04-20 13:40:51.390 +0200
Rheinfelden (Baden),,,,,2,2026-04-21 10:11:15.453 +0200
kdvz - Gemeinde Kall,,,,,0,2026-02-05 09:03:40.722 +0100
Freiburg,,,,,0,2026-02-18 14:00:53.098 +0100
S24 - Stadt Colditz,,,,,0,2026-03-02 11:35:24.577 +0100
regio IT - Stadt Rheda-Wiedenbrück,,,,,0,2026-04-23 08:08:49.164 +0200
Gemeinde Alpbach,,,,,2,2025-08-26 12:28:58.684 +0200
Gemeinde Scheffau am Tennengebirge,,,,,2,2026-03-02 11:46:34.750 +0100
Hansestadt Herford,,Nordrhein-Westfalen,,,20,2026-07-28 08:25:57.932 +0200
Ärztekammer Sachsen-Anhalt,DE,Sachsen-Anhalt,"Kammern, Verbände","39120",2,2026-08-27 10:15:43.030 +0200
Edlbach (Testlizenz),AT,Oberösterreich,Gemeinden,"4580",2,2026-09-24 17:05:58.279 +0200
Gemeinde Schöneiche bei Berlin,DE,Brandenburg,,"15566",30,2026-07-31 14:55:43.343 +0200
Technische Werke Brandenburg an der Havel GmbH,DE,Brandenburg,,"14776",2,2026-07-15 11:54:59.306 +0200
Stadtverwaltung Bad Liebenstein,DE,Thüringen,Städte,"36448",30,2026-09-18 14:46:56.699 +0200
GVV Denzlingen,,Baden-Württemberg,,,2,2026-07-10 15:39:52.385 +0200
SILVRETTASEILBAHN AG,,,,,2,2025-08-18 10:21:14.764 +0200
Gemeinde Ehrwald,,,,,2,2025-08-11 10:43:54.514 +0200
Universität Wien,,,,,2,2025-07-31 11:33:43.188 +0200
Asten (Testlizenz),,,,,2,2026-04-24 09:41:28.886 +0200
Gemeinde Mutters,,,,,2,2025-07-17 11:47:37.619 +0200
Gemeinde St. Leonhard im Pitztal,,,,,2,2025-07-16 13:50:11.202 +0200
Gemeinde Jungholz,,,,,2,2025-07-14 09:08:28.661 +0200
Ungenach (Testlizenz),,,,,2,2026-01-15 10:23:18.381 +0100
S24 - Gemeinde Gundelfingen NEU,,,,,0,2026-03-05 14:25:39.717 +0100
kdvz - Stadt Bedburg,,,,,0,2026-03-06 08:22:09.685 +0100
Tuningen,,,,,2,2026-04-24 08:32:35.262 +0200
Tiroler Gemeindeverband,,,,,2,2026-07-21 09:44:38.866 +0200
S24 - Gemeinde Langenberg,,,,,0,2026-05-08 10:52:45.272 +0200
Dimbach (Testlizenz),,,,,2,2026-03-19 08:08:33.567 +0100
Kaltenberg (Testlizenz),,,,,2,2026-03-31 09:30:38.088 +0200
S24 - Stadt Schloß Holte-Stukenbrock,,,,,0,2026-04-21 14:49:05.977 +0200
Gemeinde Hochdorf,,Baden-Württemberg,,,2,2026-02-24 08:22:31.413 +0100
Hövelhof,DE,Nordrhein-Westfalen,Gemeinden,"33161",0,2026-09-24 17:31:02.898 +0200
Gemeinde Fraham,AT,Oberösterreich,Gemeinden,,1,2026-03-31 09:46:29.659 +0200
Pasching (Testlizenz) ,,,,,2,2026-07-21 10:28:28.124 +0200
Stadt Ibbenbüren,DE,Nordrhein-Westfalen,Städte,"49477",30,2026-04-17 12:00:01.458 +0200
Landeshauptstadt Magdeburg,DE,Sachsen-Anhalt,Städte,"39104",100,2026-03-10 15:08:26.725 +0100
Gemeinde Edt bei Lambach,AT,Oberösterreich,Gemeinden,"4650",2,2026-02-10 10:55:29.157 +0100
Stadt Emmendingen - Ortschaftsverwaltung Windenreute,DE,Baden-Württemberg,Städte,"79312",2,2026-08-27 17:17:10.916 +0200
 Landkreis Ostprignitz-Ruppin,,Brandenburg,,,50,2026-03-12 07:06:22.312 +0100
Stadt Friedberg,DE,,,"86316",5,2026-09-10 10:27:55.068 +0200
Allerheiligen im Mühlkreis (Testlizenz),,,,,2,2026-03-19 08:13:28.265 +0100
Emlichheim,,,,,0,2026-02-25 14:14:14.343 +0100
Gemeinde Iffezheim,DE,Baden-Württemberg,,"76473",30,2026-07-28 10:04:39.227 +0200
Stadtverwaltung Donaueschingen,DE,Baden-Württemberg,,"78166",2,2026-01-22 08:42:34.039 +0100
Sipbachzell (Testlizenz),,,,,2,2026-04-20 15:32:48.545 +0200
Straß im Attergau (Testlizenz),,,,,2,2026-04-24 09:53:20.567 +0200
Eberschwang (Testlizenz),,,,,2,2026-04-29 11:11:34.431 +0200
Gemeinde Stödtlen,DE,Baden-Württemberg,,"73495",2,2026-01-21 10:24:43.615 +0100
Stadt Nordhorn,DE,Niedersachsen,Städte,"48529",7,2025-06-24 14:12:33.913 +0200
Stadt Mainburg,,Bayern,,,40,2026-01-15 13:08:13.694 +0100
Stadt Emmendingen - Ortschaftsverwaltung Maleck,DE,Baden-Württemberg,Städte,"79312",2,2026-08-27 17:18:48.446 +0200
Landratsamt Aichach-Friedberg,DE,Bayern,Landkreise,"86551",50,2026-09-10 11:11:28.599 +0200
S24 - Gemeinde Recke,,,,,0,2026-01-27 11:01:57.463 +0100
Dietzenbach,,,,,0,2026-06-01 10:01:15.554 +0200
Gemeinde Ellmau,,,,,2,2025-07-02 15:24:01.547 +0200
Gemeinde Maria Alm,,,,,2,2025-06-24 15:45:52.199 +0200
Gemeinde Imsterberg,AT,Tirol,Gemeinden,,1,2025-06-23 11:03:30.322 +0200
Gemeinde Gries im Sellrain,,,,,2,2025-06-23 16:28:57.526 +0200
Landratsamt Augsburg,,,,,10,2025-06-12 14:00:33.317 +0200
Wirges,DE,Rheinland-Pfalz,Gemeindeverbände,"56422",0,2026-09-10 11:31:34.884 +0200
Stadt Sangerhausen,DE,,,"06526",8,2026-09-25 08:54:50.537 +0200
Hochschule für nachhaltige Entwicklung Eberswalde (HNEE),DE,Brandenburg,,"16225",11,2026-07-07 14:13:07.760 +0200
Barmherzige Brüder IT Services,,Österreich,,,2,2026-01-29 11:34:14.122 +0100
Stadt Herrenberg,DE,Baden-Württemberg,Städte,"71083",1,2025-11-18 10:11:47.970 +0100
LWV Hessen,DE,Hessen,"Kammern, Verbände","34117",1000,2025-11-03 09:15:32.822 +0100
Stadt Emmendingen - Ortschaftsverwaltung Mundingen,DE,Baden-Württemberg,Städte,"79312",2,2026-08-27 17:19:34.349 +0200
Amt Seenlandschaft Waren,,Mecklenburg-Vorpommern,,,5,2026-01-09 11:13:59.336 +0100
Digital-Lotsen-Sachsen Projektteam,DE,Sachsen,,"01099",8,2025-11-06 12:31:49.000 +0100
Stadt Ludwigslust,DE,Mecklenburg-Vorpommern,,"19288",10,2025-11-05 09:12:05.694 +0100
Gemeinde Reith bei Kitzbühel,,,,,2,2025-06-23 09:42:07.715 +0200
Marktgemeinde Werfen,AT,Salzburg,Gemeinden,,1,2025-07-08 07:55:32.423 +0200
Stadt Lingen (Ems),DE,Niedersachsen,Städte,"49808",50,2025-12-16 18:48:57.430 +0100
FC Amberg,,,,,2,2025-05-13 11:45:52.355 +0200
Gemeinde Kleinarl,,,,,2,2025-06-13 12:02:08.682 +0200
MÜLLER WELT GmbH,,,,,2,2025-06-13 08:19:06.241 +0200
Gemeinde Bramberg am Wildkogel,,,,,2,2025-06-12 11:33:54.130 +0200
Gemeinde Patsch,,,,,2,2025-05-28 09:22:37.844 +0200
Gemeinde St. Jakob in Haus,,,,,2,2025-05-28 08:58:59.051 +0200
Stadt Emmendingen - Ortschaftsverwaltung Wasser,DE,Baden-Württemberg,Städte,"79312",2,2026-08-27 17:20:18.042 +0200
Hirschberg a.d.B.,DE,Baden-Württemberg,Gemeinden,,3,2026-07-16 12:04:48.516 +0200
Alkoven (Testlizenz),AT,Oberösterreich,Gemeinden,"4072",2,2026-09-10 13:29:46.010 +0200
Stadt Filderstadt,,Baden-Württemberg,,,25,2025-12-22 12:01:32.381 +0100
Stadt Ettlingen,DE,Baden-Württemberg,,,12,2025-12-22 10:35:36.233 +0100
Gemeinde Neunkirchen-Seelscheid,DE,Nordrhein-Westfalen,Gemeinden,"53819",2,2026-09-25 14:13:16.527 +0200
Gemeinde Ischgl,,,,,2,2025-05-26 14:46:57.976 +0200
Schlüßlberg (Testlizenz),,,,,2,2026-01-19 14:27:27.794 +0100
Marktgemeinde Bad Hofgastein,,,,,2,2025-05-26 09:36:25.931 +0200
Gemeinde Kirchberg in Tirol,,,,,2,2025-05-23 11:46:53.462 +0200
Stadt Wanfried,DE,Hessen,,"37281",2,2026-06-26 14:58:35.379 +0200
Gemeinde Göming,,,,,2,2025-05-23 10:54:34.084 +0200
Marktgemeinde Vomp,,,,,2,2025-05-22 20:42:10.103 +0200
Gemeinde Hof bei Salzburg,,,,,2,2025-05-22 16:40:02.429 +0200
Gemeinde Ramsau,,,,,2,2025-05-22 15:49:20.466 +0200
Gemeinde Westendorf,,,,,2,2025-05-21 13:12:15.486 +0200
Stadtgemeinde Reutte,,,,,2,2025-05-20 13:57:08.520 +0200
Gemeinde Ebbs,,,,,3,2026-03-04 11:04:11.488 +0100
Pischelsdorf am Engelbach (Testlizenz),,,,,2,2026-07-21 14:21:22.278 +0200
Stadtverwaltung Bad Liebenzell,,Baden-Württemberg,,,5,2026-01-09 10:55:51.039 +0100
HALLAG Kommunal GmbH,,,,,2,2026-04-15 14:56:51.636 +0200
Kreis Borken,DE,Nordrhein-Westfalen,,"46325",60,2025-10-17 14:50:12.353 +0200
Pram (Testlizenz),,,,,2,2026-07-07 16:37:31.684 +0200
Niederneukirchen (Testlizenz),AT,Oberösterreich,Gemeinden,"4491",2,2026-09-10 13:38:01.029 +0200
Studienstiftung des deutschen Volkes,,Nordrhein-Westfalen,,,20,2025-10-23 11:48:24.481 +0200
Stadt Emmendingen - Ortschaftsverwaltung Kollmarsreute,DE,Baden-Württemberg,Städte,"79312",2,2026-08-27 17:27:07.503 +0200
Gemeindeverwaltung Kronau,,Baden-Württemberg,,,2,2025-10-17 07:12:16.236 +0200
Stadt Stutensee,,Baden-Württemberg,,,20,2025-10-16 16:02:59.764 +0200
Stadtgemeinde Saalfelden,,,,,2,2025-03-10 13:51:31.833 +0100
Montagnapower e.U.,,,,,2,2025-06-05 12:27:33.294 +0200
Verbandsgemeinde Elbe-Havel-Land,DE,Sachsen-Anhalt,Gemeindeverbände,"39524",10,2025-09-29 13:54:01.433 +0200
Stadt Gaggenau,,Baden-Württemberg,,,18,2025-10-09 09:20:06.711 +0200
Stadt Wildau,DE,,,"15745",1000,2026-08-28 10:56:55.367 +0200
Stadt Meerbusch,DE,Nordrhein-Westfalen,,"40670",30,2025-10-08 11:30:50.907 +0200
Stadtverwaltung Nagold,DE,,,"72202",1000,2026-09-10 15:37:57.285 +0200
Gemeinde Recke,DE,Nordrhein-Westfalen,Gemeinden,"49509",10,2025-09-26 08:44:51.444 +0200
TIHV Tiroler Immobilien Hausverwaltungs GmbH,,,,,2,2025-05-15 14:31:39.694 +0200
Strictly Business,,,,,2,2025-05-02 12:43:06.106 +0200
Klinik Diakonissen Schladming,,,,,2,2025-04-30 11:11:31.118 +0200
Luye Pharma AG,,,,,2,2025-04-28 11:30:58.779 +0200
Gemeinde Schwoich,,,,,2,2025-04-24 10:53:37.749 +0200
AWU Abfallwirtschafts-Union Oberhavel GmbH,,,,,10,2025-03-07 16:54:33.808 +0100
Hofkirchen im Mühlkreis,AT,Oberösterreich,Gemeinden,,1,2026-03-19 09:39:27.309 +0100
Gemeinde Limbach,DE,Baden-Württemberg,Gemeinden,"74838",25,2026-08-28 11:51:10.578 +0200
ALACsystems GmbH,,,,,2,2025-04-15 15:55:13.334 +0200
Stadtverwaltung Schwäbisch Gmünd,DE,Baden-Württemberg,,"73525",20,2025-09-25 15:10:35.500 +0200
Sennegemeinde Hövelhof,DE,Nordrhein-Westfalen,Gemeinden,"33161",2,2025-09-15 11:39:20.490 +0200
Österreichisches Rotes Kreuz | Landesverband Wien,AT,,,"1030",1000,2026-09-10 16:10:47.865 +0200
Stadtwerke Kufstein,,,,,2,2025-04-01 17:37:23.432 +0200
Wohnbaugruppe Augsburg,DE,Bayern,,"86156",30,2025-09-16 17:00:21.706 +0200
Gemeinde Silz,,,,,2,2025-03-25 10:40:28.942 +0100
Gemeinde Pfarrwerfen,,,,,2,2025-03-14 09:11:37.596 +0100
Gemeinde Bruck an der Glocknerstraße,,,,,2,2025-03-12 13:04:29.708 +0100
Wartberg an der Krems (Testlizenz),,,,,2,2026-06-01 11:20:32.624 +0200
Freiberg,,,,,0,2026-07-17 11:20:45.306 +0200
 Verbandsgemeinde Hermeskeil,,Rheinland-Pfalz,,"54411",10,2025-09-01 15:25:23.518 +0200
Stadt Oelde,DE,Nordrhein-Westfalen,,"59302",20,2025-08-26 09:14:59.310 +0200
Stadtverwaltung Glauchau,,Sachsen,,"08371",15,2025-08-19 08:20:06.670 +0200
Gemeinde Ilvesheim,,Baden-Württemberg,,,5,2025-08-15 06:53:25.679 +0200
Schloßbühlschule,DE,,,"78576",2,2026-09-10 22:13:29.638 +0200
Landeshauptstadt Stuttgart,,Baden-Württemberg,,"70173",50,2025-08-22 14:29:48.913 +0200
Gemeinde Mils bei Hall,,,,,2,2025-03-10 16:02:09.533 +0100
Marktgemeinde Mauterndorf,,,,,2,2026-04-14 10:40:35.487 +0200
kdvz - Stadt Pulheim,,,,,0,2026-05-11 14:26:50.636 +0200
Herten,,,,,0,2026-06-26 15:59:40.278 +0200
Tollet (Testlizenz),,,,,2,2026-04-01 14:07:07.019 +0200
Neukirchen an der Vöckla (Testlizenz),,,,,2,2026-04-07 14:09:44.070 +0200
Universität zu Köln,DE,Nordrhein-Westfalen,,"50923",5,2026-07-17 12:08:33.491 +0200
Laichingen,,,,,2,2026-04-10 07:59:15.137 +0200
DECHEMA Gesellschaft für Chemische Technik und Biotechnologie e.V.,DE,Hessen,"Kammern, Verbände","60486",20,2025-07-28 13:00:30.459 +0200
Industrie- und Handelskammer (IHK) zu Leipzig,DE,Sachsen,Bildungseinrichtungen,"04109",5,2025-07-29 17:30:12.205 +0200
Merseburg,DE,Sachsen-Anhalt,Städte,"06217",0,2026-09-11 07:35:57.339 +0200
Biberach an der Riß,,,,,2,2026-04-17 11:48:04.702 +0200
Stadtgemeinde Wörgl,,,,,2,2025-02-27 15:40:53.224 +0100
Marktgemeinde Wattens,,,,,2,2025-02-26 12:13:51.772 +0100
Gemeinde Saalbach-Hinterglemm ,,,,,2,2025-02-21 10:21:55.216 +0100
Gemeinde Niederndorferberg,,,,,2,2025-02-21 09:19:21.446 +0100
Marktgemeinde Taxenbach,,,,,2,2025-02-20 08:57:48.215 +0100
Gemeinde Uttendorf,,,,,2,2025-02-20 07:19:36.165 +0100
Gemeinde Fritzens,,,,,2,2025-02-19 14:29:47.683 +0100
J. Klausner Professional Multimedia GmbH,,,,,2,2025-12-11 12:09:42.120 +0100
GEMDAT NÖ,,,,,2,2025-11-06 08:34:27.708 +0100
Gemeinde Mieming,,,,,2,2025-02-19 09:07:34.182 +0100
Stadt Freudenstadt,,Baden-Württemberg,,,5,2025-06-02 14:37:04.594 +0200
Amt Putlitz Berge,DE,Brandenburg,Gemeinden,"16949",0,2026-09-11 07:56:29.954 +0200
Stadt Fellbach,DE,Baden-Württemberg,,"70734",6,2025-06-18 16:45:32.426 +0200
Gemeinde Navis,,,,,2,2025-02-19 08:39:18.868 +0100
Tauernkliniken GmbH,,,,,2,2025-02-18 14:14:35.366 +0100
Marktgemeinde Telfs,,,,,5,2025-02-18 12:24:28.463 +0100
Marktgemeinde Grödig,,,,,2,2025-02-18 09:36:43.642 +0100
Marktgemeinde Neukirchen,,,,,2,2025-02-18 09:34:16.013 +0100
Gemeinde Karrösten,,,,,2,2025-02-17 15:42:42.362 +0100
Stadtgemeinde Lienz,,,,,2,2025-02-17 11:04:35.218 +0100
Verbandsgemeinde Höhr-Grenzhausen,DE,Rheinland-Pfalz,Gemeindeverbände,"56203",17,2025-04-16 17:03:23.317 +0200
Gemeinde Henndorf am Wallersee,AT,Salzburg,Gemeinden,"5302",10,2025-05-26 12:07:22.779 +0200
Kommunalverband für Jugend und Soziales Baden-Württemberg,DE,Baden-Württemberg,,"70176",1000,2025-05-16 09:06:27.590 +0200
Stadt Rietberg,,Nordrhein-Westfalen,,"33397",15,2025-05-16 15:42:42.026 +0200
oncampus GmbH,,Schleswig-Holstein,,,20,2025-04-24 12:56:26.614 +0200
Deutsches Jugendherbergswerk,,,,,25,2025-04-22 16:17:06.189 +0200
Gemeinde Kramsach,,,,,2,2025-02-15 14:02:02.514 +0100
Gemeinde Lend,,,,,2,2025-02-14 14:21:12.817 +0100
Gemeinde Kaunertal,,,,,2,2025-02-14 14:10:27.126 +0100
Gemeinde Ampass,,,,,2,2025-02-14 14:06:23.271 +0100
Gemeinde Oetz,,,,,2,2025-02-14 13:59:13.414 +0100
Amt Güstrow-Land,,Mecklenburg-Vorpommern,,"18273",5,2025-04-12 15:24:14.199 +0200
Stadt Bönnigheim,,Baden-Württemberg,,"74357",7,2025-03-25 13:49:49.352 +0100
Gemeinde Hallwang,AT,Salzburg,Gemeinden,"5300",5,2025-02-14 12:02:50.852 +0100
St. Georgen im Attergau,AT,Oberösterreich,,,1,2026-01-26 09:23:45.952 +0100
Stadt Schmölln,DE,Thüringen,,"04626",15,2025-04-09 17:05:04.788 +0200
Stadt Villingen-Schwenningen,,Baden-Württemberg,,"78050",8,2025-04-09 15:50:24.859 +0200
Amt Warnow-West,DE,Mecklenburg-Vorpommern,,"18198",7,2025-04-04 07:00:52.829 +0200
Gemeinde Anif,AT,,,"5081",5,2025-02-14 12:05:41.950 +0100
Stadtgemeinde Bischofshofen,,,,,2,2025-02-14 12:08:08.836 +0100
Gemeinde Aschau im Zillertal,,,,,2,2025-02-14 11:42:36.346 +0100
Gemeinde Wildschönau,,,,,2,2025-02-14 11:22:21.335 +0100
Stadtgemeinde Radstadt,AT,Salzburg,Städte,"5550",5,2025-02-14 14:23:24.534 +0100
Gemeinde Hollersbach,AT,Salzburg,Gemeinden,,1,2025-02-19 14:06:39.945 +0100
Evangelische Bank eG,DE,Hessen,Sonstiges,"34117",10,2025-02-27 16:02:50.736 +0100
Landratsamt Rhein-Neckar-Kreis,DE,Baden-Württemberg,,"69117",220,2025-03-17 14:57:43.857 +0100
reha gmbh,,,,,2,2025-01-31 14:43:52.200 +0100
Michael Schneider,,,,,2,2025-01-29 11:08:11.834 +0100
Landkreis Emsland,DE,Niedersachsen,,"49716",30,2025-11-29 11:25:25.041 +0100
Gemeinde Zeuthen ,DE,Brandenburg,,,3,2025-11-19 09:45:33.816 +0100
Stadt Verden (Aller),,Niedersachsen,,,30,2025-11-21 14:41:57.622 +0100
Stadt Forchtenberg,,Baden-Württemberg,Städte,"74670",30,2025-11-27 21:29:56.727 +0100
 Gemeinde Strobl,AT,Salzburg,Gemeinden,,1,2025-02-18 15:54:55.800 +0100
Gemeinde Ladis,AT,Tirol,Gemeinden,"6532",1,2025-11-27 09:58:06.005 +0100
Marktgemeinde Matrei in Osttirol,AT,Tirol,Gemeinden,"9971",1,2025-11-26 15:31:50.858 +0100
Landkreis Havelland,DE,Brandenburg,Landkreise,,30,2025-12-01 16:32:51.913 +0100
Test,,,,,2,2025-01-28 11:24:05.901 +0100
Bammental,,,,,0,2026-05-06 12:19:05.588 +0200
HEINE + BEISSWENGER Stiftung + Co. KG,,,,,2,2024-12-03 12:03:51.383 +0100
St. Johann am Wimberg (Testlizenz),,,,,2,2026-03-19 09:46:02.402 +0100
Oppenau,,,,,2,2026-04-10 10:35:37.494 +0200
Salinen Immobilien GmbH,,,,,2,2024-09-26 08:02:32.861 +0200
E1 Energiemanagement GmbH,,,,,2,2024-09-23 11:09:47.572 +0200
medhochzwei Verlag GmbH,,,,,2,2024-09-12 12:44:24.224 +0200
S24 - Gemeinde Birkenfeld,,,,,0,2026-01-27 11:28:21.408 +0100
beckers bester GmbH,,,,,2,2024-06-24 15:38:30.666 +0200
AUVA,,,,,2,2024-06-17 13:09:15.947 +0200
Fima GmbH,,,,,2,2024-02-27 13:50:05.231 +0100
Oberhaching,,,,,0,2026-07-07 18:06:45.032 +0200
IB Berlin-Brandenburg gGmbH ,DE,Berlin,Gemeinnützige Organisationen,"10247",50,2025-02-12 17:03:31.748 +0100
Brandenburger Theater GmbH,DE,Brandenburg,Privatwirtschaftliche Unternehmen,"14776",4,2025-02-05 15:58:01.742 +0100
Landkreis Elbe-Elster,DE,Brandenburg,,"04916",12,2025-01-22 07:41:01.075 +0100
STIFTUNG PS.SPEICHER,,Niedersachsen,,,10,2024-12-03 13:09:47.598 +0100
Stadt Geislingen an der Steige,,Baden-Württemberg,,"73312",2,2024-12-02 14:53:22.125 +0100
Herzogsdorf (Testlizenz),,,,,2,2025-12-11 13:12:26.804 +0100
Gemeinde Jochberg,,,,,2,2025-09-11 09:56:46.436 +0200
ATMOS MedizinTechnik,,,,,2,2024-02-22 13:28:57.791 +0100
STRAMA MPS GmbH und Co. KG,,,,,2,2024-02-02 16:27:41.292 +0100
S24 - Gemeinde Scheeßel,,,,,0,2026-01-27 11:32:51.196 +0100
Mathias Warstat,,,,,2,2025-01-22 13:55:18.063 +0100
Ärztekammer Westfalen-Lippe,DE,Nordrhein-Westfalen,"Kammern, Verbände","48147",7,2024-09-02 13:56:15.777 +0200
Verwaltungsgemeinschaft Stiefenhofen,DE,Bayern,Gemeindeverbände,"88179",25,2026-05-28 11:56:55.525 +0200
Stadt Büdingen,DE,Hessen,Städte,"63654",20,2024-11-11 10:59:35.065 +0100
Marktgemeinde Aigen-Schlägl,AT,Oberösterreich,Gemeinden,,1,2026-03-19 09:51:12.375 +0100
Stadt Witzenhausen,DE,Hessen,Städte,"37213",2,2024-11-27 09:28:12.553 +0100
Universitätsklinikum Schleswig-Holstein (UKSH - Wirtschaft und Versorgung),DE,Schleswig-Holstein,Privatwirtschaftliche Unternehmen,"24105",2,2026-05-28 08:44:26.193 +0200
Landratsamt Sigmaringen,DE,Baden-Württemberg,Landkreise,"72488",100,2026-06-02 09:05:33.785 +0200
Stadt Wertheim,DE,Baden-Württemberg,,"97877",20,2024-11-29 08:56:38.491 +0100
Stadtwerke Bielefeld GmbH,,Nordrhein-Westfalen,,"33526",7,2025-11-28 14:42:00.572 +0100
Kreis Viersen,DE,Nordrhein-Westfalen,,,20,2025-11-17 16:39:43.928 +0100
Stadtgemeinde Seekirchen,AT,Tirol,Städte,"5201",10,2024-11-15 09:51:04.891 +0100
Neuweiler,DE,Baden-Württemberg,Gemeinden,"74389",25,2026-05-12 15:13:27.179 +0200
Bechtle IT-Systemhaus Weimar,,,,,25,2026-07-13 16:08:11.158 +0200
Römerberg-Dudenhofen,,,,,0,2026-07-20 08:48:45.193 +0200
Stadt Seifhennersdorf,DE,Sachsen,,"02782",30,2026-07-24 10:46:13.394 +0200
Kleine Helfer gGmbH,,Brandenburg,,,2,2026-05-20 16:28:22.965 +0200
Gemeinde Merchweiler,DE,Saarland,,"66589",20,2026-05-21 17:08:19.577 +0200
Gemeindeverwaltung Schwepnitz,,Sachsen,,,50,2026-05-20 15:16:02.118 +0200
Gemeinde Rheinmünster,,Baden-Württemberg,,"77836",2,2026-05-19 11:14:12.265 +0200
Gemeinde Bad Vigaun,AT,Salzburg,Gemeinden,,1,2025-07-08 11:47:12.363 +0200
Gemeindeamt Langenstein,AT,Oberösterreich,Gemeinden,,1,2026-07-30 14:04:12.767 +0200
Sulzburg,DE,Baden-Württemberg,Städte,,2,2026-04-21 11:33:39.615 +0200
Hilzingen,DE,Baden-Württemberg,Gemeinden,"78247",3,2026-05-18 16:28:59.756 +0200
Erzbischöfliches Berufskolleg Köln,DE,Nordrhein-Westfalen,Bildungseinrichtungen,"50668",2,2026-01-20 16:33:37.866 +0100
Gemeindeverwaltung Malschwitz,DE,Sachsen,Gemeinden,"02694",30,2026-07-01 11:47:54.778 +0200
ILLIG packaging solutions GmbH,DE,Baden-Württemberg,Privatwirtschaftliche Unternehmen,"74081",30,2026-07-08 17:00:38.708 +0200
Kempen Krause Ingenieure GmbH,DE,Nordrhein-Westfalen,Privatwirtschaftliche Unternehmen,"52072",50,2026-07-14 12:26:04.266 +0200
Stadt Murrhardt,DE,Baden-Württemberg,,"71540",2,2026-07-08 15:57:12.084 +0200
Stadt Gronau,DE,Nordrhein-Westfalen,Städte,"48599",6,2026-06-24 14:17:23.931 +0200
Steinheim,,,,,0,2026-07-15 09:06:13.782 +0200
Monsheim,,,,,0,2026-07-20 11:08:32.292 +0200
Brettspielverein Kufstein,,,,,2,2026-07-29 10:01:00.438 +0200
Stadt Itzehoe,DE,Schleswig-Holstein,,"25524",7,2026-06-23 14:14:49.599 +0200
Stadtwerke Haldensleben,DE,Niedersachsen,,"39340",2,2026-06-22 09:39:31.913 +0200
ReFa24,,,,,1,2026-04-09 17:32:16.019 +0200
PD – Berater der öffentlichen Hand GmbH,DE,Berlin,,"10117",25,2026-04-22 17:14:47.046 +0200
Gemeinde Bissendorf,DE,Niedersachsen,,"49143",10,2026-04-13 10:51:51.195 +0200
Stadt Senftenberg,DE,Brandenburg,Städte,"01968",20,2026-06-05 08:52:46.262 +0200
Höhr-Grenzhausen,,,,,0,2026-07-15 11:08:48.638 +0200
Komm.ONE Demo,,Baden-Württemberg,,,15,2025-11-14 13:19:59.477 +0100
Stadt Haselünne,DE,Niedersachsen,Städte,"49740",2,2026-04-13 10:58:53.246 +0200
Inselgemeinde Langeoog,DE,Niedersachsen,Gemeinden,"26465",7,2025-11-07 16:22:34.975 +0100
Gemeinde Essingen,DE,Baden-Württemberg,,"73457",50,2026-07-20 15:20:02.891 +0200
Gemeindeverwaltung Neukirchen,,Sachsen,,,25,2026-06-09 17:39:25.114 +0200
Stadt Warstein,DE,Nordrhein-Westfalen,,"59581",5,2026-04-10 12:11:16.978 +0200
Stadt Altensteig,DE,Baden-Württemberg,Städte,"72213",5,2026-04-07 12:38:14.100 +0200
Touring Club Schweiz (TCS),,,,,25,2026-04-02 12:14:24.726 +0200
Bonndorf,,,,,2,2026-04-16 16:27:09.643 +0200
Kirchham (Testlizenz),,,,,2,2026-07-29 10:20:55.644 +0200
Lichtenau (Baden),,,,,2,2026-07-30 15:03:47.402 +0200
Malterdingen,DE,Baden-Württemberg,,"79364",2,2026-04-08 14:55:41.343 +0200
Gemeinde Grefrath,DE,Nordrhein-Westfalen,,"47929",5,2026-04-30 15:16:46.558 +0200
Stadt Norderney,DE,Niedersachsen,Städte,"26548",15,2026-01-08 08:35:20.198 +0100
Stadt Bielefeld,,Nordrhein-Westfalen,,,250,2026-03-23 15:09:36.997 +0100
"Hochschule für Musik, Theater und Medien Hannover",DE,Niedersachsen,Bildungseinrichtungen,"30175",2,2026-04-01 10:26:50.201 +0200
Blaufelden,DE,Baden-Württemberg,Gemeinden,"74572",2,2026-04-24 10:37:55.874 +0200
Gemeinde Heddesheim,,Baden-Württemberg,,,2,2026-04-23 08:38:49.458 +0200
St. Florian am Inn,AT,Oberösterreich,Gemeinden,,1,2026-03-26 12:33:09.759 +0100
 Stadtverwaltung Speyer,DE,Rheinland-Pfalz,Städte,"06232",3,2026-03-25 11:15:10.186 +0100
Stadtgemeinde Kirchdorf an der Krems,AT,Oberösterreich,Städte,,2,2026-07-29 16:42:12.195 +0200
Stadt Dormagen,,,,,50,2025-12-10 10:16:28.402 +0100
Hessischer Rundfunk,DE,Hessen,,,15,2026-01-19 14:50:28.317 +0100
Stadtverwaltung Ludwigsburg,DE,Baden-Württemberg,Städte,"71638",25,2026-04-27 08:03:01.057 +0200
Gemeinde Bietigheim,,Baden-Württemberg,,,25,2025-12-12 09:54:43.510 +0100
Zweckverband Kommunale Informationsverarbeitung Sachsen - KISA,,Sachsen,,,25,2026-04-28 16:13:31.615 +0200
Burggemeinde Brüggen,DE,Nordrhein-Westfalen,Gemeinden,"41379",5,2026-03-23 12:00:19.945 +0100
Stadtverwaltung Strausberg,,Brandenburg,,"15344",5,2026-03-19 21:03:48.913 +0100
Kommunalkredit Public Consulting GmbH,AT,Wien,Privatwirtschaftliche Unternehmen,"1190",7,2025-12-02 13:49:45.079 +0100
Gemeinde Fredersdorf-Vogelsdorf,,Brandenburg,,,25,2026-03-19 09:38:15.497 +0100
Sierning (Testlizenz),,,,,2,2026-01-15 16:24:10.630 +0100
IT Land Tirol ,,,,,2,2026-07-21 09:15:17.109 +0200
Gemeinde Dielheim,DE,Baden-Württemberg,Gemeinden,"69234",5,2026-03-10 14:55:14.175 +0100
Worms,,,,,0,2026-07-28 07:19:16.857 +0200
Taiskirchen (Testlizenz),,,,,2,2026-07-31 09:35:26.744 +0200
Brigachtal,DE,Baden-Württemberg,,"78086",2,2026-04-09 09:31:35.111 +0200
Gemeinde Eriskirch,DE,Baden-Württemberg,,"88097",30,2026-04-08 16:48:47.917 +0200
Tourismusverband Kufsteinerland,AT,Tirol,"Kammern, Verbände","6330",5,2026-03-04 13:35:19.533 +0100
Ing. Hans Bodner Baugesellschaft mbH & Co. KG,AT,Tirol,Privatwirtschaftliche Unternehmen,"6330",3,2026-03-05 08:40:29.779 +0100
Marktgemeinde Frankenburg,AT,Oberösterreich,Gemeinden,,2,2026-03-06 11:35:35.767 +0100
Kreis Warendorf,DE,Nordrhein-Westfalen,Städte,"48231",250,2026-04-13 10:42:13.117 +0200
Kreis Unna,,Nordrhein-Westfalen,,,50,2026-01-27 14:15:16.211 +0100
Gemeindeverwaltung Radibor,DE,Sachsen,Gemeinden,"02627",2,2026-03-18 16:06:02.765 +0100
Stadt Cottbus/Chóebuz,DE,Brandenburg,,"03046",100,2025-12-04 13:46:10.837 +0100
"Freie Hansestadt Bremen Abteilung 2 ""Technischer Umweltschutz, Naturschutz und Grünflächen“",,,,,2,2025-11-12 13:36:12.790 +0100
Bundesstadt Bonn,DE,Nordrhein-Westfalen,Städte,"53111",25,2025-11-27 14:56:30.139 +0100
Gemeinde Schefflenz,DE,Baden-Württemberg,,,2,2026-03-02 12:58:42.555 +0100
Kadur GmbH Raumidee,DE,Sachsen,Privatwirtschaftliche Unternehmen,"01159",5,2026-03-17 09:18:48.608 +0100
GL GmbH Metall- und Werkstatttechnik,DE,Baden-Württemberg,,"72636",20,2026-02-24 17:17:31.710 +0100
Gemeinde Hohenstein,,Baden-Württemberg,,,30,2026-02-24 15:51:37.820 +0100
Stadt Selm,,,,,25,2025-11-17 11:08:32.464 +0100
Immanuel Albertinen Diakonie gGmbH | Konzerngeschäftsführung und KI Board ,DE,Hamburg,Gemeinnützige Organisationen,"22457",5,2026-02-20 14:37:54.454 +0100
Johanniter-Unfall-Hilfe e.V.,,,,,2,2026-05-08 16:09:08.787 +0200
Stadtwerke Freudenstadt GmbH & Co. KG,DE,Baden-Württemberg,,"72250",2,2026-03-17 09:12:15.746 +0100
Stadt Hann. Münden,DE,Niedersachsen,,"34346",30,2026-03-03 09:26:45.646 +0100
Gemeinde Gosau,AT,Oberösterreich,Gemeinden,,5,2026-03-18 13:22:34.200 +0100
Stadt Lohne,DE,Niedersachsen,Städte,"49393",2,2026-03-13 15:07:12.596 +0100
Stadt Diepholz,,Niedersachsen,,"49356",7,2026-02-23 15:45:32.853 +0100
Geboltskirchen (Testlizenz),,Österreich,,,2,2026-01-26 11:03:17.087 +0100
Gemeinde Nußloch,,Baden-Württemberg,,,2,2026-03-11 16:23:11.802 +0100
Stadt Gersthofen,,Bayern,,,5,2026-02-19 11:51:09.033 +0100
HOPPE AG Müstair,CH,Schweiz,,Müstair,20,2026-02-19 11:28:08.889 +0100
Stadt Overath,DE,Nordrhein-Westfalen,Städte,"51491",15,2026-02-11 16:55:40.868 +0100
Amt Märkische Schweiz,,Brandenburg,,"15377",7,2026-02-24 08:36:57.776 +0100
Landratsamt Rastatt,DE,Baden-Württemberg,,"76437",31,2026-01-16 12:11:05.745 +0100
Landratsamt Würzburg,DE,Bayern,,"97074",6,2026-02-03 18:18:25.643 +0100
Stadt Colditz,,Sachsen,Städte,,2,2026-02-03 09:48:21.133 +0100
Seniorenwohnhaus Oberndorf ,AT,Salzburg,Privatwirtschaftliche Unternehmen,"5110",1,2026-02-12 11:02:39.703 +0100
Stadt Meersburg,,Baden-Württemberg,,"88709",30,2026-07-16 11:18:57.647 +0200
Gemeinde Immenstaad am Bodensee,DE,Baden-Württemberg,Gemeinden,"88090",2,2026-07-28 12:00:39.800 +0200
Gemeinde Vörstetten,DE,Baden-Württemberg,Gemeinden,"79279",2,2026-02-03 09:59:17.646 +0100
VBD Beratungsgesellschaft für Behörden mbH,,Berlin,,,1,2026-02-17 14:24:04.665 +0100
Stadtverwaltung Backnang,DE,Baden-Württemberg,Städte,"71522",5,2026-02-05 11:34:24.245 +0100
Landkreis Börde,DE,Sachsen-Anhalt,Landkreise,"39340",25,2026-07-21 10:57:54.504 +0200
Stadt Bräunlingen,DE,Baden-Württemberg,Städte,"78199",25,2026-02-03 11:49:43.302 +0100
Stadt Trebbin,DE,Brandenburg,Städte,"14959",2,2026-02-13 08:56:14.421 +0100
Gemeinde Laer,DE,Nordrhein-Westfalen,,"48366",5,2026-02-02 16:14:29.938 +0100
Gemeinde Lamprechtshausen,AT,Salzburg,Gemeinden,,5,2026-01-29 11:07:15.595 +0100
Stadt Ellwangen (Jagst),DE,Baden-Württemberg,,"73479",30,2026-01-23 15:11:04.503 +0100
 Sächsischer Städte- und Gemeindetag e.V.,DE,Sachsen,"Kammern, Verbände","01099",8,2025-11-06 12:28:01.566 +0100
ROLAND-Gruppe,,Nordrhein-Westfalen,,,50,2026-01-23 13:49:34.146 +0100
Stadt Wanzleben-Börde,DE,Sachsen-Anhalt,Städte,"39164",5,2025-11-11 14:01:27.473 +0100
Stadt Großalmerode – der Magistrat,DE,Hessen,,"37247",2,2026-01-14 14:03:03.986 +0100
Samtgemeinde Emlichheim,DE,Niedersachsen,Gemeinden,"49824",3,2026-01-29 16:05:36.732 +0100
Stadt Olfen,DE,Nordrhein-Westfalen,Städte,"59399",2,2026-01-13 12:00:08.429 +0100
Testkommune,,,,,2,2026-07-21 13:10:39.352 +0200
Amt Britz-Chorin-Oderberg,DE,Brandenburg,Gemeindeverbände,"16230",30,2026-07-16 11:25:33.780 +0200
ALT_Ruppiner Kliniken GmbH,DE,Brandenburg,Privatwirtschaftliche Unternehmen,"16816",50,2026-05-20 15:57:35.353 +0200
Kreis Düren,DE,Nordrhein-Westfalen,,"52351",1000,2026-07-28 12:29:02.046 +0200
Stadtverwaltung Werdohl,,Nordrhein-Westfalen,,,50,2026-01-13 09:38:53.057 +0100
Gemeinde Wyhl am Kaiserstuhl,DE,Baden-Württemberg,,"79369",2,2026-01-29 15:36:40.725 +0100
Sächsische Staatskanzlei,DE,Sachsen,,"01095",20,2026-01-09 14:13:49.121 +0100
Stadtverwaltung Weimar,DE,,,"99423",5,2026-05-02 12:16:32.397 +0200
Wirtschaftsförderung Oftringen Zofingen Rothrist ,,,,,2,2025-11-05 21:42:57.959 +0100
Gemeinde Schönbrunn,DE,Baden-Württemberg,,"69436",2,2026-01-09 10:50:12.419 +0100
Große Kreisstadt Grimma,DE,Sachsen,,"04668",5,2025-11-07 15:20:38.330 +0100
Gemeinde Uedem,,Nordrhein-Westfalen,,,12,2025-11-07 15:33:09.960 +0100
Stadtgemeinde Vöcklabruck,AT,Oberösterreich,Städte,"4840",2,2025-12-19 10:52:16.264 +0100
Ärztekammer für Niederösterreich,AT,Niederösterreich,"Kammern, Verbände",A-1010,30,2025-11-05 11:50:06.528 +0100
Kreis Coesfeld,DE,Nordrhein-Westfalen,Landkreise,"48653",25,2026-01-13 14:05:17.169 +0100
Gemeinde Adnet,AT,Salzburg,Gemeinden,"5421",1,2025-11-03 11:08:29.495 +0100
Stadtverwaltung Zweibrücken,,Rheinland-Pfalz,,,30,2025-11-05 09:58:57.617 +0100
Gemeinde Deizisau,DE,Baden-Württemberg,,"73779",2,2025-11-05 09:28:59.193 +0100
Stadt Langenau,DE,Baden-Württemberg,Städte,"89129",5,2025-11-07 13:28:57.112 +0100
Altmarkkreis Salzwedel,DE,Sachsen-Anhalt,Landkreise,"29410",25,2026-07-28 12:50:48.037 +0200
Stadt Wernigerode,DE,Sachsen-Anhalt,,"38855",22,2025-11-10 10:25:10.818 +0100
Stadt Heidelberg - Amt 0127,DE,Baden-Württemberg,Städte,"69115",10,2025-12-19 09:44:34.281 +0100
Verbandsgemeinde Kirchen (Sieg),,,,,2,2025-12-18 14:05:39.402 +0100
Landesjägerschaft Niedersachsen e.V.,DE,Niedersachsen,,"30625",2,2025-11-11 08:06:49.130 +0100
Zell am Harmersbach,DE,Baden-Württemberg,,"77736",10,2025-10-27 14:46:46.888 +0100
Stadt Bühl,,Baden-Württemberg,,,10,2025-11-19 09:57:02.839 +0100
Musterstadt,,Sachsen,,,5,2025-10-30 14:38:58.727 +0100
Amt Elsterland,DE,Brandenburg,,"03253",25,2026-07-28 16:59:06.101 +0200
Gemeinde Schutterwald,,Baden-Württemberg,,,2,2025-12-10 15:27:11.596 +0100
Stadt Füssen,DE,Bayern,,"87629",5,2025-10-30 12:52:14.425 +0100
Regionale Verkehrsgesellschaft Dahme-Spreewald mbH,DE,Brandenburg,,"15926",1000,2025-10-27 07:47:35.649 +0100
Thalheim bei Wels (Testlizenz),,,,,2,2026-07-21 14:34:23.290 +0200
Stadt Mosbach,DE,Baden-Württemberg,Städte,"74821",2,2025-10-23 11:34:37.940 +0200
Kreis Siegen-Wittgenstein,DE,Nordrhein-Westfalen,Landkreise,"57072",100,2026-07-16 15:50:17.214 +0200
Johann-Peter-Schäfer-Schule,DE,Hessen,Bildungseinrichtungen,"61169",5,2025-10-31 13:06:01.213 +0100
Gemdat OÖ,AT,Oberösterreich,Privatwirtschaftliche Unternehmen,"4020",15,2025-10-29 17:23:12.035 +0100
Gemeinde Bohmte,,Niedersachsen,,,7,2025-12-10 11:45:51.785 +0100
Arbeiter-Samariter-Bund Landesverband Sachsen e. V.,,Sachsen,,,15,2025-10-28 09:41:43.626 +0100
Gemeinde Schwieberdingen,,Baden-Württemberg,,"71701",5,2026-02-17 15:21:46.162 +0100
Samtgemeinde Gieboldehausen,,,,,30,2025-10-01 14:18:36.832 +0200
Bezirksjugendring Unterfranken des Bayerischen Jugendrings KdöR,,Bayern,,,20,2025-10-17 06:43:43.197 +0200
Amt Goldberg-Mildenitz,DE,Mecklenburg-Vorpommern,,"19399",2,2025-10-15 09:38:52.829 +0200
Landratsamt Calw,DE,Baden-Württemberg,,"75365",2,2025-10-14 16:14:39.726 +0200
Stadt Holzminden,DE,Niedersachsen,,"37603",20,2025-10-15 09:17:42.424 +0200
Gemeindeverwaltung Rietheim-Weilheim,,Baden-Württemberg,,,20,2025-10-13 10:22:37.538 +0200
Stadtgemeinde Neumarkt am Wallersee,,,,,2,2025-03-05 14:58:12.397 +0100
Gemeinde Wenns,,,,,2,2025-03-05 14:16:39.503 +0100
Marktgemeinde Straßwalchen,AT,Salzburg,Gemeinden,"5204",1,2025-10-09 09:22:08.588 +0200
Gondelsheim,,,,,2,2026-07-17 10:54:44.316 +0200
"Senatsverwaltung für Arbeit, Soziales, Gleichstellung, Integration, Vielfalt und Antidiskriminierung Abteilung Soziales, III D 2",,Berlin,,,50,2025-12-17 16:37:51.566 +0100
Stadt Wriezen,DE,Brandenburg,,"16269",2,2026-04-08 15:56:30.070 +0200
Gemeinde Lotte,DE,Nordrhein-Westfalen,Gemeinden,,12,2026-04-30 17:05:03.126 +0200
Maria Schmolln (Testlizenz),,,,,2,2026-07-21 14:40:06.291 +0200
"Freie Hansestadt Bremen (Umwelt, Klima und Wissenschaft)",,Bremen,,,5,2025-10-08 17:38:59.980 +0200
Marktgemeinde Tamsweg,AT,Salzburg,Gemeinden,"5580",5,2025-10-16 08:31:03.717 +0200
"Landesbüro Berlin, Friedrich-Ebert-Stiftung e.V.",,Nordrhein-Westfalen,,,20,2025-10-05 13:40:20.167 +0200
Stadt Dingelstädt,DE,Thüringen,,"37351",30,2025-10-01 12:37:12.684 +0200
Stadtverwaltung Tanna,,Thüringen,,,3,2025-09-10 14:51:51.608 +0200
Kirchheim unter Teck,,Baden-Württemberg,,,5,2025-09-17 08:35:46.228 +0200
Neustadt (Dosse),,,,,30,2025-09-30 06:46:06.462 +0200
Stadtverwaltung Wildberg,DE,Baden-Württemberg,Städte,"72218",5,2025-09-23 10:35:49.493 +0200
Gemeinde Brieselang,DE,Brandenburg,Gemeinden,"14656",5,2025-09-10 12:58:31.536 +0200
Stadtgemeinde Hallein,,,,,2,2025-02-14 13:55:23.579 +0100
Stadt Mittenwalde,DE,Brandenburg,Städte,"15749",2,2025-09-12 08:25:51.387 +0200
KVINNE GmbH,,Sachsen,,,2,2025-09-24 21:01:51.391 +0200
Gemeinde Gäufelden,DE,Baden-Württemberg,,"71126",20,2025-09-24 19:49:20.079 +0200
Verbandsgemeindeverwaltung Annweiler am Trifels,,Rheinland-Pfalz,,"76855",20,2025-09-11 12:02:42.668 +0200
Gemeinde Adelberg,DE,Baden-Württemberg,Gemeinden,"73099",2,2025-09-30 11:00:07.553 +0200
Landesamt für Gesundheit und Soziales Berlin,DE,Berlin,Landkreise,"10559",15,2025-09-25 21:27:20.988 +0200
Stadt Sulingen,DE,Niedersachsen,,"27232",15,2025-12-11 17:11:34.515 +0100
Stadt Emmendingen (Stadtverwaltung),DE,Baden-Württemberg,Städte,"79312",5,2025-12-11 16:19:48.444 +0100
Stadtverwaltung Oberursel (Taunus),DE,Hessen,,"61440",20,2025-09-30 08:36:28.961 +0200
Leibniz-Institut für ökologische Raumentwicklung,DE,,,,2,2025-09-26 14:08:15.497 +0200
Stadtverwaltung Lohmar,,Nordrhein-Westfalen,,"53797",10,2025-09-24 13:00:25.691 +0200
Stadt Hamminkeln,,Nordrhein-Westfalen,,"46499",25,2025-09-10 11:28:08.730 +0200
Stadt Winnenden,,Baden-Württemberg,,,15,2025-12-10 10:18:27.190 +0100
Stadt Plauen,DE,Sachsen,,"08523",15,2025-09-09 18:21:49.379 +0200
Landratsamt Altenburger Land,,Thüringen,,"04600",25,2025-09-03 14:16:42.321 +0200
Gemeinde Hagen a.T.W.,DE,Niedersachsen,,,5,2025-08-20 11:12:12.950 +0200
 Landkreis Günzburg,DE,Bayern,Landkreise,"89303",20,2025-09-10 08:22:12.101 +0200
Stadt Rastatt,DE,Baden-Württemberg,Städte,"76437",20,2025-09-15 14:34:47.302 +0200
ITK Harburg,DE,Niedersachsen,Landkreise,"21423",10,2025-08-25 17:32:12.538 +0200
Gemeindeverwaltung Eberdingen,DE,Baden-Württemberg,,"71735",2,2026-07-17 11:26:15.125 +0200
Stadt Billerbeck,DE,Nordrhein-Westfalen,,"48727",2,2025-12-11 11:33:34.082 +0100
kdvz - Stadt Willebadessen,,,,,0,2026-07-22 09:56:12.020 +0200
Samtgemeinde Fürstenau,DE,Niedersachsen,,"49584",2,2025-09-02 10:02:48.889 +0200
Gemeindeverwaltung Mönchweiler,,,,,2,2025-08-27 15:08:55.878 +0200
Landratsamt Karlsruhe,,Baden-Württemberg,,,50,2026-05-02 11:39:41.750 +0200
Stadtverwaltung Weida,,Thüringen,,"07570",4,2025-09-24 20:32:52.011 +0200
Landkreis Osterholz,DE,Niedersachsen,,"27711",25,2025-09-18 22:26:54.807 +0200
novumprojekt,DE,Sachsen-Anhalt,,"06774",30,2025-08-22 09:38:10.417 +0200
Gemeinde Serfaus,AT,Tirol,Gemeinden,"6534",2,2025-07-31 10:04:55.295 +0200
Kreis Wesel,DE,Nordrhein-Westfalen,,"46483",50,2025-08-18 09:04:49.481 +0200
Luftenberg an der Donau,AT,Oberösterreich,Gemeinden,,1,2025-12-04 21:51:43.580 +0100
Landratsamt Göppingen,,Baden-Württemberg,,"73033",30,2025-08-15 08:43:28.364 +0200
Amt Brück,,Brandenburg,,"14822",5,2025-08-14 08:25:25.155 +0200
bauverein AG,,,,,2,2025-01-17 15:31:19.520 +0100
Megger,,,,,2,2024-10-10 11:58:28.737 +0200
Freistadt,AT,Oberösterreich,Gemeinden,,1,2025-12-03 12:33:08.791 +0100
Gemeinde Schwarzach im Pongau,AT,Salzburg,Gemeinden,"5620",2,2025-08-18 14:42:24.553 +0200
Alzey-Land (Kreis),,,,,0,2026-07-22 10:04:39.081 +0200
Verwaltungsgemeinschaft Marktheidenfeld,DE,Bayern,,"97828",25,2025-12-08 15:54:34.554 +0100
Stadt Koblenz,DE,Rheinland-Pfalz,Städte,"56068",5,2025-08-13 15:22:21.379 +0200
Samtgemeinde Oderwald,,Niedersachsen,,,25,2026-05-08 08:41:35.244 +0200
Kassenzahnärztliche Vereinigung Hessen,DE,Hessen,"Kammern, Verbände","60528",5,2025-12-08 16:21:17.469 +0100
Gemeinde Untereisesheim,DE,Baden-Württemberg,Gemeinden,"74257",5,2025-07-30 17:29:43.856 +0200
SAXONIA MEDIA Filmproduktionsgesellschaft mbH ,,Sachsen,,,50,2026-04-08 08:42:48.180 +0200
SENIO-VITAL Unternehmensverbund,,Brandenburg,,,20,2025-12-03 15:19:58.115 +0100
Klett Familienkommanditgesellschaft,,,,,2,2026-02-18 15:23:33.020 +0100
Gemeinde Assling,AT,Tirol,Gemeinden,,1,2025-07-23 08:16:46.823 +0200
Stadt Rheinstetten,,Baden-Württemberg,,"76287",5,2025-07-25 18:04:50.970 +0200
Stadt Braunschweig,DE,Niedersachsen,Städte,"38100",50,2025-07-23 15:19:38.529 +0200
Gemeinde Walheim,,Rheinland-Pfalz,,"74399",2,2025-07-23 15:02:55.792 +0200
Zukunftsagentur Rheinisches Revier,DE,Nordrhein-Westfalen,Privatwirtschaftliche Unternehmen,"52428",5,2025-06-18 09:01:19.019 +0200
Odenwaldkreis,,Hessen,,,30,2025-07-22 16:12:05.712 +0200
Österreichischer Alpenverein,,Österreich,,,20,2025-07-16 15:28:06.594 +0200
Stadt Vaihingen an der Enz,DE,Baden-Württemberg,Städte,"71665",10,2025-07-22 09:59:10.323 +0200
Stadtverwaltung Frankenthal (Pfalz),DE,Rheinland-Pfalz,Städte,"67227",2,2025-12-03 07:30:44.160 +0100
Finezia AG,,,,,2,2024-10-22 16:37:07.944 +0200
Gemeinde Maulburg,DE,Baden-Württemberg,Gemeinden,"79689",25,2026-05-11 10:00:59.152 +0200
Landkreis Wolfenbüttel,DE,Nordrhein-Westfalen,Landkreise,"38300",30,2025-11-19 10:14:41.767 +0100
Regionalleitstelle Osnabrück kAöR,DE,Niedersachsen,Gemeinnützige Organisationen,"49082",1000,2026-07-22 11:42:08.781 +0200
Stadt Arnsberg,DE,Nordrhein-Westfalen,,"59759",1000,2025-12-11 13:28:59.983 +0100
Versorgungswerk der Zahnärztekammer Berlin,DE,Berlin,,"14050",2,2025-07-21 11:05:05.790 +0200
Seiko Germany,,,,,30,2025-07-30 08:15:45.441 +0200
Bildungsdirektion für Vorarlberg,AT,Vorarlberg,Sonstiges,"6900",30,2026-05-22 11:31:08.399 +0200
Stadtgemeinde St. Johann im Pongau,AT,Salzburg,Städte,"5600",2,2025-06-25 09:52:18.876 +0200
Landratsamt Lörrach,DE,Baden-Württemberg,Landkreise,"79539",5,2025-06-30 13:12:49.450 +0200
Gemeinde Ensdorf,DE,Saarland,,,2,2025-06-23 14:13:43.598 +0200
Stadt Borken,DE,Nordrhein-Westfalen,Städte,"46325",10,2025-06-17 13:58:31.911 +0200
Samtgemeinde Sögel,,Niedersachsen,,"49751",50,2025-06-17 13:53:28.246 +0200
Stadt Kenzingen,DE,Baden-Württemberg,Städte,"79341",7,2025-06-30 17:56:13.447 +0200
Stadt Bocholt,DE,Nordrhein-Westfalen,Städte,"46395",35,2025-06-17 13:13:52.058 +0200
Berater & Partner AG,,,,,2,2024-05-30 13:29:41.109 +0200
Hess Advokatur AG,,,,,2,2024-05-30 13:28:55.668 +0200
Gemeinde St. Margarethen im Lungau,AT,Salzburg,Gemeinden,"5581",1,2025-07-07 13:50:52.974 +0200
Marktgemeinde Sillian,AT,Tirol,Gemeinden,"9920",1,2025-06-23 15:11:24.149 +0200
futureSAX GmbH - die Innovationsplattform des Freistaates Sachsen,DE,Sachsen,"Kammern, Verbände","01309",30,2026-04-01 10:26:33.461 +0200
Stadtverwaltung der Fontanestadt Neuruppin,DE,Brandenburg,Städte,"16816",2,2026-01-23 13:42:55.109 +0100
Stadt Borkum,,,,,3,2025-07-18 10:26:15.337 +0200
Gemeinde Mettingen,DE,Nordrhein-Westfalen,Gemeinden,"49497",2,2025-06-13 08:04:28.741 +0200
TecArt GmbH ,,,,,2,2026-07-22 12:57:50.450 +0200
Stadtverwaltung Crailsheim,,Baden-Württemberg,,,25,2025-12-02 16:36:50.193 +0100
Stadt Böblingen,DE,Baden-Württemberg,Städte,"71034",5,2025-05-19 13:12:18.094 +0200
Sternberg24,DE,Mecklenburg-Vorpommern,,,25,2025-05-13 09:23:00.941 +0200
Stadt Ahaus,DE,Nordrhein-Westfalen,,"48683",7,2025-05-13 17:07:33.083 +0200
Stadtverwaltung Meppen,,Niedersachsen,,"49716",2,2025-04-16 08:26:08.353 +0200
Bötzingen,,,,,2,2026-05-06 14:39:34.940 +0200
Landkreis Biberach,,,,,2,2026-05-12 07:16:10.086 +0200
IHK Bonn / Rhein-Sieg,DE,Nordrhein-Westfalen,Bildungseinrichtungen,"53113",2,2026-05-08 15:40:48.801 +0200
Gemeinde Wattenberg,AT,Tirol,Gemeinden,"6113",2,2025-05-20 16:04:56.638 +0200
Gemeinde Puch bei Hallein,AT,Salzburg,Gemeinden,"5412",1,2025-04-28 14:43:01.641 +0200
Gemeinde Grenzach-Wyhlen,DE,Baden-Württemberg,Gemeinden,"79639",5,2025-04-15 12:38:42.276 +0200
Stadt Dissen am Teutoburger Wald,DE,Niedersachsen,Städte,"49201",10,2025-05-05 08:57:03.855 +0200
Gemeinde Bergheim,AT,Salzburg,Gemeinden,"5101",1,2025-05-23 11:42:28.079 +0200
Scharnstein,AT,Oberösterreich,Gemeinden,"4644",1,2025-12-02 16:01:25.999 +0100
ZG Raiffeisen eG,DE,Baden-Württemberg,Privatwirtschaftliche Unternehmen,"76137",20,2025-04-28 08:07:53.511 +0200
Stadtverwaltung Großröhrsdorf,,Sachsen,,"01900",10,2025-04-08 13:56:21.433 +0200
more! software GmbH & Co. KG,,Sachsen,,,10,2025-04-07 19:09:27.245 +0200
Marktgemeinde Großarl,AT,Salzburg,Gemeinden,"5611",5,2025-05-23 11:39:09.968 +0200
Test Rafiq,DE,Sachsen,,"01097",2,2025-05-13 13:23:14.804 +0200
Marktgemeinde Oberalm,AT,Salzburg,Gemeinden,"5411",5,2025-05-23 09:36:19.517 +0200
Kufgem Demo (EGOVDEMO2019),AT,Tirol,,,2,2025-07-03 08:41:41.259 +0200
Gemeinde Sonnenbühl,DE,Baden-Württemberg,,"72820",2,2026-07-01 13:55:04.412 +0200
Stadtverwaltung Mühlheim an der Donau,DE,Baden-Württemberg,Städte,"78570",2,2025-03-18 21:40:30.658 +0100
DRK KV Leipzig-Land e.V,,Sachsen,,,4,2025-04-01 08:35:22.026 +0200
Marktgemeinde Lofer,AT,Salzburg,Gemeinden,"5090",1,2025-03-31 14:37:29.941 +0200
Handwerkskammer Reutlingen,,Baden-Württemberg,,"72764",30,2025-03-27 09:11:56.920 +0100
Landkreis Hildesheim,,Niedersachsen,,"31134",10,2025-03-18 21:14:50.822 +0100
NOVENTI Health SE,DE,Bayern,,"81673",3,2025-03-24 17:04:43.420 +0100
Kreisverwaltung Altenkirchen,DE,Rheinland-Pfalz,,"57610",5,2025-03-21 09:51:57.608 +0100
Stadt Hückelhoven,,Nordrhein-Westfalen,,,65,2025-03-20 14:55:12.489 +0100
Stadt Nettetal,DE,Nordrhein-Westfalen,Städte,"41334",25,2025-03-21 08:25:48.151 +0100
Marktgemeinde Völs,,,,,2,2026-07-23 14:23:44.032 +0200
Schönwald,DE,Baden-Württemberg,Gemeinden,,2,2026-04-13 14:42:29.084 +0200
Stiftung Lebenshilfe Zollernalb,DE,Baden-Württemberg,,"72406",100,2025-03-20 11:25:34.237 +0100
Stadt Maulbronn,DE,Baden-Württemberg,Städte,"75433",2,2025-03-11 12:28:50.873 +0100
Gemeinde Steinhausen an der Rottum,DE,Baden-Württemberg,Gemeinden,"88416",2,2026-04-14 13:22:16.913 +0200
Stadt Lengerich,DE,Nordrhein-Westfalen,Städte,"49525",15,2025-03-25 07:56:30.463 +0100
Gemeinde Laudenbach,DE,Baden-Württemberg,Gemeinden,"69514",25,2025-05-08 11:11:07.619 +0200
Handwerkskammer Region Stuttgart,DE,Baden-Württemberg,"Kammern, Verbände","70191",7,2025-03-12 09:16:26.342 +0100
Sehlhoff GmbH,DE,Bayern,Privatwirtschaftliche Unternehmen,"84137",2,2025-03-12 10:44:05.968 +0100
Stadt Sehnde,DE,Niedersachsen,Städte,"31319",15,2025-03-27 11:00:40.871 +0100
Landratsamt Ravensburg,DE,Baden-Württemberg,Landkreise,"88212",5,2026-04-20 15:04:15.019 +0200
Regionalverband Tennengau,AT,Salzburg,"Kammern, Verbände","5440",2,2025-11-19 14:11:20.586 +0100
Marktgemeinde Kundl,AT,Tirol,Gemeinden,,1,2025-02-14 12:06:42.277 +0100
Marktgemeinde Altenmarkt,AT,Salzburg,Gemeinden,"5541",1,2025-02-14 12:09:12.948 +0100
Berner Torantriebe KG,,Baden-Württemberg,,"72108",2,2025-03-07 09:28:34.079 +0100
KRH Klinikum Hannover,,Niedersachsen,,,2,2025-03-03 07:23:38.725 +0100
Stadt Aalen - Amt für IT und Digitalisierung,DE,Baden-Württemberg,Städte,"73430",1000,2026-04-23 12:03:52.717 +0200
UKSH Gesellschaft für IT Services mbH (UKSH ITSG),DE,Schleswig-Holstein,Privatwirtschaftliche Unternehmen,"23538",2,2026-05-28 10:31:01.982 +0200
Stadt Heilbronn,DE,Baden-Württemberg,Städte,"74072",10,2025-02-27 16:55:24.054 +0100
Gemeinde Bad Gastein,AT,Salzburg,Gemeinden,"5640",5,2025-02-19 10:59:53.839 +0100
Stadtgemeinde Oberndorf bei Salzburg,AT,Salzburg,Städte,"5110",5,2025-02-14 14:19:42.958 +0100
Stadt Pirmasens,,Rheinland-Pfalz,,"66953",30,2025-02-25 09:13:05.870 +0100
Gemeinde Eben am Achensee,AT,Tirol,Gemeinden,"6212",1,2025-02-26 11:29:22.529 +0100
Gemeinde Thaur,AT,Tirol,Gemeinden,"6065",5,2025-02-20 08:53:14.434 +0100
Hessische Landesstelle für Suchtfragen e.V. (HLS),DE,Hessen,"Kammern, Verbände","60325",3,2025-02-20 12:42:05.169 +0100
Wolfschlugen,DE,Baden-Württemberg,,"72649",2,2026-04-15 07:51:05.109 +0200
Bundesamt für Strahlenschutz,DE,Nordrhein-Westfalen,,,15,2026-03-31 10:38:42.369 +0200
Gemeinde Fusch a.d. Glocknerstraße,AT,Österreich,,,2,2025-02-14 12:12:49.804 +0100
Gemeinde Seefeld in Tirol,AT,Tirol,Gemeinden,"6100",1,2025-02-14 11:46:12.352 +0100
Amt Friesack,,Brandenburg,,"14662",7,2025-11-18 08:16:02.793 +0100
Stadt Uhingen,DE,Baden-Württemberg,Städte,"73066",3,2024-12-18 13:27:09.593 +0100
SPD  Stadtrat Dresden,DE,Sachsen,Sonstiges,"01067",2,2025-01-08 11:18:10.824 +0100
Gemeinde Albershausen,DE,Baden-Württemberg,,"73095",2,2026-04-17 08:42:29.520 +0200
Gemeinde Panketal,,Brandenburg,,"16341",5,2025-01-22 14:01:00.905 +0100
Heilpädagogische Praxis Pusteblume,,Bayern,,,10,2025-01-21 18:12:49.201 +0100
Stadt Tangerhütte,,Sachsen-Anhalt,,"39517",9,2025-01-21 15:50:14.345 +0100
Verbandsgemeinde Liebenwerda,DE,Brandenburg,,"04924",6,2025-01-15 13:47:06.557 +0100
Stadt Heidelberg,DE,Baden-Württemberg,,"69115",10,2025-01-10 13:34:35.881 +0100
Kufgem GmbH,AT,Tirol,Privatwirtschaftliche Unternehmen,"6330",50,2025-02-14 08:05:27.021 +0100
Samtgemeinde Heeseberg,DE,Niedersachsen,Gemeinden,"38381",3,2025-01-23 12:21:22.062 +0100
Stadtwerke Münster GmbH,DE,Nordrhein-Westfalen,,"48155",5,2026-03-12 12:22:10.989 +0100
Gemeinde Eisingen,,Baden-Württemberg,,,2,2026-05-28 10:47:18.888 +0200
Digitale Hochschule NRW c/o Ruhr-Universität Bochum,,Nordrhein-Westfalen,,,25,2025-11-17 15:11:47.509 +0100
IMA - International Management Assistants,,,Privatwirtschaftliche Unternehmen,,10,2024-12-06 12:06:06.883 +0100
Stadt Krakow am See,,Mecklenburg-Vorpommern,,"18292",7,2024-11-01 10:35:17.931 +0100
STAHLKONTOR GmbH & Co. KG,DE,Nordrhein-Westfalen,,"58135",40,2024-04-15 09:02:03.984 +0200
UFE-Consulting AG,CH,Luzern,Privatwirtschaftliche Unternehmen,"6214",2,2024-05-21 23:04:23.075 +0200
Kliniken Ostalb gkAöR,,Baden-Württemberg,,"73430",2,2024-11-12 10:35:58.022 +0100
BFW Leipzig Berufsförderwerk gGmbH,DE,Sachsen,Privatwirtschaftliche Unternehmen,"04159",2,2024-10-07 11:27:56.659 +0200
Gemeinde Mülsen,,Sachsen,,,2,2025-07-04 08:56:51.961 +0200
Regionalverband Salzburger Seenland,AT,Salzburg,"Kammern, Verbände","5164",5,2026-05-26 09:24:37.939 +0200
Stadt Einbeck,DE,Niedersachsen,Städte,"37574",10,2024-10-11 09:25:20.060 +0200
SL Naturenergie,DE,Nordrhein-Westfalen,Privatwirtschaftliche Unternehmen,"45966",2,2024-01-23 13:07:20.170 +0100
KUHN RIKON AG,,,,,10,2025-07-01 13:18:39.380 +0200
Gemeinde Waldbronn,DE,Baden-Württemberg,Gemeinden,"76337",2,2024-10-17 14:23:53.852 +0200
Gemeinde Schermbeck,DE,Nordrhein-Westfalen,Gemeinden,"46514",4,2026-05-29 14:22:01.741 +0200
Hilleprandt & Partner,DE,Bayern,,"82418",1,2024-09-25 10:12:42.782 +0200
Stadt Leinfelden-Echterdingen,,Baden-Württemberg,,"70771",2,2025-11-17 14:10:45.347 +0100
Landratsamt Wartburgkreis,DE,Thüringen,,"36433",8,2025-11-17 10:51:02.166 +0100
Gemeinde Loffenau,,Baden-Württemberg,,,50,2026-03-06 08:36:24.706 +0100
Gemeinde Linkenheim-Hochstetten,DE,Baden-Württemberg,,,6,2026-01-20 08:51:59.781 +0100
Gemeinde Mulfingen,DE,Baden-Württemberg,,"74673",2,2025-11-12 17:14:30.745 +0100
Landratsamt Ansbach,DE,Bayern,,"91522",5,2026-02-16 11:24:17.456 +0100
Gemeinde Wustermark,DE,Brandenburg,Gemeinden,"14641",5,2025-11-14 08:27:30.238 +0100
Pfarrkirchen bei Bad Hall (Testlizenz),,,,,2,2026-06-01 16:26:41.581 +0200
Gemeinde Beimerstetten,,Baden-Württemberg,,,5,2026-01-07 11:34:13.476 +0100
Stadt Lützen,DE,Sachsen-Anhalt,,"06686",5,2025-11-11 14:14:03.422 +0100
Gemeinde Nordkirchen,,Nordrhein-Westfalen,,,10,2025-07-02 12:51:50.792 +0200
Verwaltungsgemeinschaft Lechfeld,DE,Bayern,Gemeindeverbände,"86836",2,2026-04-13 12:43:09.730 +0200
Verbandsgemeinde Römerberg-Dudenhofen,,Rheinland-Pfalz,,,20,2025-12-09 14:32:48.307 +0100
EVK Wesel,,Nordrhein-Westfalen,,,2,2025-11-05 12:03:52.582 +0100
Sandl (Testlizenz),,,,,2,2025-12-09 15:45:24.264 +0100
Stadt Kalkar,DE,Nordrhein-Westfalen,,"47546",2,2026-04-16 17:00:40.696 +0200
Traunkirchen (Testlizenz),,,,,2,2025-12-22 10:12:56.938 +0100
Gemeinde Schiffweiler,,Saarland,,,2,2026-05-06 14:59:02.146 +0200
Stadt Eppelheim,DE,Baden-Württemberg,Städte,"69214",20,2026-02-10 14:00:10.409 +0100
Stadt Hohenems,AT,Österreich,,"6845",50,2025-12-17 15:11:49.249 +0100
Henneberg-Klinik Hildburghausen GmbH,,Thüringen,,,20,2026-02-10 12:08:14.549 +0100
Sattledt (Testlizenz),,,,,2,2026-02-23 08:53:31.999 +0100
Stadt Dessau-Roßlau,,,,,35,2025-07-23 10:09:20.978 +0200
Stadt Lommatzsch,,Sachsen,,,2,2026-01-20 11:38:09.293 +0100
Steinerkirchen an der Traun,AT,Oberösterreich,Gemeinden,,2,2026-01-12 09:14:56.826 +0100
Gemeinde Hohberg,DE,Baden-Württemberg,,"77749",2,2026-04-02 10:40:01.368 +0200
Stadt Zerbst/Anhalt,DE,Sachsen-Anhalt,Städte,"39261",5,2026-05-02 11:50:30.891 +0200
Schweizerischer Blindenbund,,,,,2,2026-03-23 17:35:08.201 +0100
Langenstein (Testlizenz),,,,,2,2026-01-13 08:46:07.632 +0100
WERDER Feinkost GmbH,DE,Brandenburg,,"14542",2,2026-02-17 13:29:13.653 +0100
Stadtverwaltung Mössingen,DE,Baden-Württemberg,,"72116",2,2026-05-19 13:20:03.156 +0200
Landkreis Freudenstadt,DE,Baden-Württemberg,,"72250",2,2026-02-05 15:58:33.243 +0100
Gemeinde Fahrenbach,DE,Baden-Württemberg,Gemeinden,"74864",2,2026-03-06 15:11:08.392 +0100
Hochschule Ravensburg-Weingarten,,Baden-Württemberg,,,6,2025-10-16 10:34:44.372 +0200
Abwasserverband Lienzer Talboden,,,,,2,2025-10-20 11:59:50.693 +0200
RECON Europe GmbH,,,,,2,2025-12-10 13:16:52.852 +0100
Stadtgemeinde Zell am See,,,,,2,2025-10-15 15:26:54.693 +0200
Gemeinde Schlitters,,,,,2,2025-10-15 13:38:17.969 +0200
Amt der Vorarlberger Landesregierung,AT,Vorarlberg,Landesebene,"6900",70,2026-03-06 13:29:15.559 +0100
Lutherstadt Wittenberg,DE,Sachsen-Anhalt,Städte,"06886",5,2025-12-10 14:59:22.556 +0100
Lebenshilfe Oberösterreich,,,,,2,2026-03-02 08:19:00.442 +0100
Lebenshilfe Oberösterreich,,,,,2,2026-03-02 08:19:02.473 +0100
Kur- und Tourismusverband Bad Gastein,AT,Tirol,"Kammern, Verbände",,1,2025-10-02 16:08:23.676 +0200
Gemeinde Belm,DE,Niedersachsen,Gemeinden,"49191",5,2026-05-13 14:07:29.358 +0200
Krankenhaus Tabea,,Hamburg,,,30,2026-03-23 23:48:02.861 +0100
SDNet Demo Account,,,,,0,2025-12-18 15:18:11.404 +0100
St. Wolfgang im Salzkammergut (Testlizenz),,,,,2,2026-02-23 12:52:21.205 +0100
Gemeinde Vorderhornbach,,,,,2,2025-11-05 12:34:37.658 +0100
Lasberg (Testlizenz),,,,,2,2026-02-09 13:02:09.013 +0100
Stadt Herbolzheim,,,,,7,2025-03-31 11:41:18.971 +0200
Kreis Gütersloh,DE,Nordrhein-Westfalen,,"33334",50,2026-05-19 14:59:26.858 +0200
Gemeinde St. Gilgen,,,,,2,2026-03-02 09:21:55.912 +0100
S24,,,,,0,2025-12-19 08:49:57.385 +0100
Samtgemeinde Artland,DE,Niedersachsen,,"49610",15,2025-02-27 11:35:15.054 +0100
Gemeinde Nüziders,,Österreich,,,2,2025-10-09 15:14:15.381 +0200
Stadt Aachen,DE,Nordrhein-Westfalen,Städte,"52068",3,2025-10-02 09:34:11.235 +0200
Hunkeler Partner Architekten AG,,,,,5,2026-03-24 08:37:01.761 +0100
Kanton Luzern - Dienststelle Volksschulbildung,,,,,2,2026-01-05 09:25:19.752 +0100
Adelsheim,,,,,2,2026-05-13 08:55:59.391 +0200
Landkreistag BW,,,,,2,2026-05-07 14:42:55.786 +0200
Deutsche Telekom MMS GmbH - Pentesting,,Sachsen,,,3,2026-03-02 10:45:22.175 +0100
Stadtsportbund Potsdam e.V.,,,,,2,2025-02-24 16:34:17.799 +0100
Zeppelin Museum Friedrichshafen GmbH,DE,Baden-Württemberg,Privatwirtschaftliche Unternehmen,"88045",3,2025-11-04 13:13:34.314 +0100
Samtgemeindeverwaltung Neuenkirchen,DE,Niedersachsen,Gemeinden,"49586",25,2026-03-16 13:11:20.292 +0100
Gemeinde Malsch,DE,Baden-Württemberg,,"76316",5,2026-01-09 15:14:18.028 +0100
Gemeinde Weißbach,,Baden-Württemberg,,,2,2025-12-15 14:11:56.861 +0100
Landkreis Anhalt-Bitterfeld,,Sachsen-Anhalt,,"06366",25,2026-04-23 14:04:33.809 +0200
Arbeiterwohlfahrt-Bezirksverband Braunschweig e. V. (AWO),DE,Niedersachsen,,"38108",25,2026-02-13 12:39:05.032 +0100
Verwaltungsgemeinschaft Neumarkt i.d.OPf.,DE,Bayern,,"92318",50,2025-12-11 10:02:36.432 +0100
Gemeinde Innervillgraten,,,,,2,2025-10-16 13:21:02.560 +0200
Leonding (Testlizenz),,,,,2,2025-10-28 16:05:24.105 +0100
Somacos GmbH und Co. KG,,,,,25,2025-09-17 11:43:44.962 +0200
Verbandsgemeinde Unkel,DE,Rheinland-Pfalz,Gemeindeverbände,"53572",2,2026-02-23 14:36:16.103 +0100
Verwaltungsakademie Berlin - Landesamt für Aus- und Fortbildung sowie Interne Beratung,DE,Berlin,Bildungseinrichtungen,"10559",50,2026-03-18 14:49:41.700 +0100
Amt Brieskow-Finkenheerd,DE,Brandenburg,Gemeindeverbände,"15295",5,2026-01-29 16:12:32.235 +0100
Gemeinde Sternenfels,,Baden-Württemberg,,,2,2026-04-20 18:41:46.457 +0200
Steinbach am Attersee (Testlizenz),,,,,2,2026-02-18 11:14:21.923 +0100
Stadtgemeinde Schwaz,AT,Tirol,Städte,"6130",1,2025-09-22 09:14:56.004 +0200
Stadt Niedernhall,DE,Baden-Württemberg,Städte,"74676",2,2025-10-02 14:09:18.902 +0200
Pichl bei Wels (Testlizenz),,,,,2,2026-03-02 11:22:51.025 +0100
Gemeinde Grünheide (Mark),DE,Brandenburg,Gemeinden,"15537",20,2025-09-30 13:49:54.838 +0200
Gemeinde Kriebstein,,Sachsen,,,10,2026-05-05 11:54:40.356 +0200
Zweckverband KAAW - Kommunale ADV-Anwendergemeinschaft West,,Nordrhein-Westfalen,,,2,2026-05-04 10:34:36.149 +0200
Wirtschaftskammer Kufstein,,,,,5,2025-10-03 10:12:34.420 +0200
Stadtwerke Giengen GmbH,DE,Baden-Württemberg,,"89537",5,2026-01-30 11:42:34.311 +0100
Hansestadt Wipperfürth,DE,Nordrhein-Westfalen,,,5,2026-01-14 17:57:21.228 +0100
Abfallwirtschaftsbetrieb Böblingen,DE,Baden-Württemberg,,"71034",30,2025-10-14 09:47:52.138 +0200
Amt Usedom Nord,DE,Mecklenburg-Vorpommern,Gemeinden,"17454",20,2025-02-11 17:42:18.452 +0100
Stadt Fürstenfeldbruck,,Bayern,,"82245",17,2025-09-22 17:08:02.831 +0200
Stadt Philippsburg,,Baden-Württemberg,,,2,2026-01-15 09:34:43.982 +0100
Gemeindeverwaltung Schlat,DE,Baden-Württemberg,,"73114",2,2026-02-23 17:16:15.102 +0100
LUPCOM media GmbH,DE,Mecklenburg-Vorpommern,,"18069",2,2025-01-30 16:12:56.393 +0100
Gemeinde Bad Rothenfelde,,,,,10,2025-09-09 08:15:57.634 +0200
UMB AG,,,,,2,2025-02-10 07:04:49.226 +0100
Verwaltungsverband Weißer Schöps/Neiße,,,,,30,2025-09-08 09:05:52.697 +0200
Gemeinde Langkampfen,,,,,2,2025-09-22 13:13:45.346 +0200
Marktgemeinde Mattsee,,,,,2,2025-09-22 09:17:18.884 +0200
Markt Meitingen,,,,,7,2025-08-27 14:58:17.371 +0200
Stadt Sindelfingen,DE,Baden-Württemberg,Städte,"71063",5,2025-09-17 15:15:41.761 +0200
Stadtverwaltung Calw,,Baden-Württemberg,,"75365",5,2026-04-21 13:40:25.028 +0200
TU Dresden Pilotphase,,,,,30,2025-01-13 17:36:26.608 +0100
Stadt Baden-Baden,,Baden-Württemberg,,"76530",20,2025-08-06 09:28:59.647 +0200
Stadt Laupheim,,Baden-Württemberg,,"88471",25,2026-02-25 15:39:46.001 +0100
Landratsamt Reutlingen,DE,Baden-Württemberg,Landkreise,"72764",3,2026-05-20 16:11:17.338 +0200
Stadt Rodgau,,Hessen,,"63110",5,2025-01-21 18:19:51.265 +0100
Stadt Singen,,Baden-Württemberg,,,15,2025-01-17 09:24:50.365 +0100
HTW Dresden,,,,,5,2025-08-04 15:54:12.189 +0200
Soziale Dienste Vorderes Zillertal,,,,,2,2025-08-28 11:00:17.888 +0200
Gemeinde Leogang,,,,,2,2025-08-27 08:31:52.879 +0200
Markus Weidhaußer Steuerberatung,,Bayern,,,10,2026-01-14 20:13:42.560 +0100
Landeskirche Braunschweig,,Niedersachsen,,,25,2025-08-25 15:52:14.347 +0200
Gemeinde Sipplingen,DE,Baden-Württemberg,,"78354",2,2026-02-25 11:40:55.053 +0100
Stadtverwaltung Hemsbach,DE,Baden-Württemberg,,"69502",2,2026-02-18 16:48:19.694 +0100
Stadt Weingarten,,,,,5,2025-08-13 15:06:36.654 +0200
Kreisverwaltung Neuwied,,Rheinland-Pfalz,,,50,2026-01-22 14:15:47.324 +0100
RIS GmbH,,,,,2,2025-07-28 08:43:02.406 +0200
Amt Lützow-Lübstorf,DE,Mecklenburg-Vorpommern,Gemeindeverbände,"19209",5,2025-07-22 14:32:33.599 +0200
Landkreis Emmendingen,,Baden-Württemberg,,"79312",30,2026-04-23 07:25:02.117 +0200
Zweckverband Kommunales Rechnenzentrum Niederrhein (KRZN),DE,Nordrhein-Westfalen,Sonstiges,"47475",25,2026-05-20 14:18:20.351 +0200
Eitzing (Testlizenz),,,,,2,2025-12-11 13:52:54.391 +0100
Landratsamt Ebersberg,DE,Bayern,Landkreise,"85560",25,2026-05-11 11:39:18.696 +0200
Anwaltsbüro Quirmbach & Partner mbB,DE,Rheinland-Pfalz,Privatwirtschaftliche Unternehmen,"56410",6,2024-08-22 12:43:08.871 +0200
Gemeinde Tarrenz,,,,,2,2025-09-19 09:53:21.407 +0200
HENKEL Beiz- und Elektropoliertechnik Betriebs GmbH,,,,,2,2025-07-23 14:02:34.103 +0200
Gemeinde Nordendorf,DE,Bayern,,"86695",20,2026-04-20 13:57:24.426 +0200
AWO SANO gGmbH,,Mecklenburg-Vorpommern,,,25,2026-04-08 16:28:11.592 +0200
Rottweil,,,,,2,2026-05-21 16:52:12.772 +0200
Stadt Würzburg,DE,Bayern,,"97070",4,2026-04-22 13:16:41.700 +0200
Stadt Bad Säckingen,,Baden-Württemberg,,"79713",2,2026-06-01 13:44:19.891 +0200
Weinstadt,DE,Baden-Württemberg,Städte,"71384",25,2026-04-24 11:03:33.976 +0200
Stadt Endingen am Kaiserstuhl,DE,Baden-Württemberg,,"79346",30,2026-05-18 15:29:44.768 +0200
Stadtverwaltung Markranstädt,DE,Sachsen,Städte,"04420",5,2026-04-20 14:10:15.125 +0200
Landratsamt Breisgau-Hochschwarzwald (FB 130),DE,Baden-Württemberg,Landkreise,"79104",2,2026-02-25 16:37:33.306 +0100
Stadt Karlsruhe,,,,,30,2026-04-09 11:35:30.714 +0200
Stadtgemeinde Kufstein,AT,Tirol,Städte,,5,2025-03-11 14:24:10.966 +0100
Regionalverband Lungau,AT,Österreich,,,2,2026-04-14 12:24:35.528 +0200
Landratsamt Alb-Donau-Kreis,DE,Baden-Württemberg,,"89077",30,2025-05-15 08:03:28.050 +0200
Gemeinde Rußbach am Paß Gschütt,,,,,2,2026-04-23 09:45:56.888 +0200
Gemeinde Morsbach,,,,,25,2026-03-24 16:15:25.693 +0100
Gemeinde Elsbethen,,,,,2,2026-04-21 13:21:33.341 +0200
Rainbach im Mühlkreis (Testlizenz),,,,,2,2026-04-16 11:09:44.467 +0200
Stiftung Juventus-Schulen,,Schweiz,,"8004",2,2026-05-20 11:27:04.206 +0200
Landkreis Mansfeld-Südharz,DE,Sachsen-Anhalt,,"06526",25,2026-04-23 14:06:16.581 +0200
replique GmbH,,,,,2,2024-06-27 14:17:47.795 +0200
Gemeinde Steinenbronn,DE,Baden-Württemberg,Gemeinden,"71144",2,2026-04-29 11:45:33.184 +0200
Verbandsgemeinde Beetzendorf-Diesdorf,DE,Sachsen-Anhalt,"Kammern, Verbände","38489",20,2025-03-18 10:29:14.230 +0100
Mauerkirchen (Testlizenz),,,,,2,2026-05-26 13:10:14.173 +0200
Timelkam (Testlizenz),,,,,2,2026-03-06 11:50:21.097 +0100
Gilgenberg am Weilhart (Testlizenz),,,,,2,2026-03-19 08:44:44.528 +0100
Aschach an der Donau (Testlizenz),,,,,2,2026-04-07 13:44:44.114 +0200
Stadt Wolfenbüttel,,Niedersachsen,,"38300",60,2025-03-24 16:55:16.356 +0100
Stadt Wehrheim,DE,Hessen,Städte,"79664",2,2025-06-30 13:02:51.287 +0200
Gemeinde Polling,DE,Bayern,Gemeinden,"82398",1,2026-03-26 09:10:00.583 +0100
Stadt Lüdinghausen,DE,,,,50,2026-04-17 08:57:47.962 +0200
GWG - Gemeinnützige Wohnungsbaugesellschaft der Stadt Kassel mbH,,Hessen,,,30,2026-04-14 10:06:49.412 +0200
Gampern (Testlizenz),,,,,2,2026-05-13 11:30:21.480 +0200
Braunau (Testlizenz),,,,,2,2026-05-29 10:20:16.613 +0200
Landratsamt Main-Spessart,DE,Baden-Württemberg,Landkreise,"97753",5,2025-06-02 08:29:18.631 +0200
Verwaltungszentrum 5+ (Testlizenz),,,,,2,2026-04-07 13:58:26.701 +0200
Putzleinsdorf (Testlizenz),,,,,2,2026-04-09 11:00:45.010 +0200
Partner SVS,,,,,2,2025-06-19 08:22:03.365 +0200
Stadt Königs Wusterhausen,DE,Brandenburg,Städte,"15711",20,2025-06-26 13:40:45.679 +0200
AWO Werra Meißner e.V.,,,,,2,2025-07-04 11:32:23.962 +0200
Stadt Volkmarsen,,Hessen,,"34471",3,2025-12-08 16:54:54.767 +0100
Landkreis Grafschaft Bentheim,DE,Niedersachsen,,,27,2025-07-09 08:37:54.151 +0200
Stadt Aichtal,,Baden-Württemberg,,"72631",10,2025-06-27 09:06:56.020 +0200
Kreisjugendring Esslingen e. V. (KJR),,Baden-Württemberg,,,15,2025-06-26 18:02:16.886 +0200
Hochschule Zittau/Görlitz,,Sachsen,,,25,2026-05-21 10:25:29.628 +0200
Samtgemeinde Freren,DE,Niedersachsen,Gemeinden,"49832",8,2026-05-13 13:38:38.522 +0200
Braunschweiger Verkehrs-GmbH,,,,,5,2025-05-26 11:36:01.322 +0200
kdvz Rhein-Erft-Rur,DE,Nordrhein-Westfalen,Sonstiges,"50226",10,2025-05-20 13:48:19.619 +0200
Stadt Ditzingen,DE,Baden-Württemberg,Städte,"71254",10,2025-06-23 10:19:57.730 +0200
Deutsche Sporthochschule Köln,DE,Nordrhein-Westfalen,Sonstiges,"50933",40,2026-06-01 13:14:26.903 +0200
Marktgemeinde Zirl,AT,Österreich,,"6170",1,2025-02-14 14:14:47.101 +0100
Stadt Gera,,Thüringen,,"07545",20,2025-06-10 13:41:37.211 +0200
Kreis Paderborn,,Nordrhein-Westfalen,,"33104",3,2025-05-28 12:09:01.863 +0200
Gemeinde Bruck an der Glocknerstraße,,,,,2,2025-06-16 10:41:27.834 +0200
JUL Pflege GmbH,DE,,,,2,2025-05-23 14:21:15.871 +0200
Edingen-Neckarhausen,,Baden-Württemberg,,,10,2025-05-22 14:40:38.940 +0200
Gemeinde Plankstadt,DE,Baden-Württemberg,Gemeinden,"68723",6,2025-06-05 17:09:58.431 +0200
Stadtgemeinde Kapfenberg,AT,Steiermark,Städte,"8605",2,2025-05-20 15:40:09.665 +0200
Samtgemeinde Nord-Elm,DE,Niedersachsen,Gemeindeverbände,"38373",10,2025-05-14 12:18:14.204 +0200
Stadt Schneverdingen,DE,Niedersachsen,Städte,"29640",5,2025-05-26 16:15:39.516 +0200
Stadt Unna,DE,Nordrhein-Westfalen,Städte,"59423",5,2025-04-11 10:13:11.333 +0200
Gemeindeverwaltung Ascheberg,DE,Nordrhein-Westfalen,Gemeinden,"59387",20,2025-06-12 13:45:41.488 +0200
Gemeinde Havixbeck,DE,Nordrhein-Westfalen,Gemeinden,"48329",5,2025-05-19 09:56:41.478 +0200
ACRIBO GmbH,,,,,2,2025-05-12 10:49:17.174 +0200
Gemeinde Muldestausee,DE,Sachsen-Anhalt,,"06774",5,2026-05-11 14:05:57.537 +0200
R. STAHL Aktiengesellschaft,,Baden-Württemberg,,"74638",5,2025-06-10 16:28:54.676 +0200
XITASO GmbH,,,,,20,2025-04-06 17:41:59.768 +0200
Gemeinde Ebersbach,DE,Sachsen,,"01097",2,2026-05-28 11:55:50.996 +0200
Waldneukirchen (Testlizenz),,,,,2,2026-05-11 16:48:03.649 +0200
Gemeinde Schkopau,DE,Sachsen-Anhalt,,"06258",5,2026-01-16 16:04:35.428 +0100
Kreishandwerkerschaft Stade,,Niedersachsen,,,20,2026-01-19 14:36:31.275 +0100
Landespflegekammer Rheinland-Pfalz (Körperschaft des öffentlichen Rechts),DE,Rheinland-Pfalz,Gemeinnützige Organisationen,"55116",2,2026-06-01 12:54:02.894 +0200
Gemeinde Bürmoos,AT,Salzburg,Gemeinden,"5111",5,2025-04-02 15:48:53.732 +0200
 Stadtentwicklung und Mobilität GbR,,Hamburg,,"22761",3,2025-04-08 12:49:54.485 +0200
Stadt Bretten,,Baden-Württemberg,,"75015",3,2025-04-08 08:38:25.652 +0200
Stadt Bassum,,,,,7,2025-02-21 14:37:59.032 +0100
Gemeinde Herzebrock-Clarholz,,Nordrhein-Westfalen,,"33442",10,2025-02-28 11:28:57.472 +0100
Arte,,,,,40,2025-02-14 16:03:43.575 +0100
Altmünster (Testlizenz),,,,,2,2026-03-25 12:42:35.470 +0100
Heidinger Kühlsysteme,,,,,2,2025-02-07 13:09:47.777 +0100
BLAEK Bayerische Landesärztekammer,,,,,20,2025-02-06 12:34:28.909 +0100
Gemeinde Rosendahl,DE,Nordrhein-Westfalen,,,5,2025-02-18 13:43:31.632 +0100
Czulkowski Service GmbH,,Rheinland-Pfalz,,,3,2025-02-12 09:36:30.701 +0100
Wohnen und Pflege in Artlandsberg,,,,,2,2025-01-24 09:58:40.739 +0100
Volksbank Mittelhessen eG,,,,,11,2025-01-22 08:21:37.869 +0100
Gemeinde Krispl,,,,,2,2025-02-14 12:21:57.883 +0100
Marktgemeinde Fieberbrunn,,,,,2,2025-02-14 12:14:40.675 +0100
Stadt Bad Iburg,,Niedersachsen,,"49186",2,2025-02-06 12:33:23.664 +0100
Wasserverband Strausberg-Erkner,DE,Brandenburg,,,2,2025-01-25 14:35:08.103 +0100
Fa. büroforum - planen und einrichten GmbH,,,,,25,2025-01-08 15:04:59.669 +0100
Stadt Krefeld,DE,Nordrhein-Westfalen,,"47798",30,2025-01-27 09:31:18.159 +0100
Stadt Ladenburg,,Baden-Württemberg,,"68526",7,2025-01-21 17:24:43.187 +0100
Dämmtechnik Trapp GmbH,,,,,2,2024-11-12 09:20:09.647 +0100
Städtisches Krankenhaus Nettetal GmbH,DE,Nordrhein-Westfalen,Privatwirtschaftliche Unternehmen,"41334",3,2025-02-12 08:21:12.089 +0100
Rudolf Hörmann GmbH & Co. KG,,,,,5,2024-11-11 10:22:44.778 +0100
Stadt Wülfrath,,,,,7,2025-01-07 14:28:24.207 +0100
Stadt Konstanz,DE,Baden-Württemberg,Städte,"78462",5,2025-02-06 09:21:09.175 +0100
Gemeinde Empfingen,DE,Baden-Württemberg,Gemeinden,"72186",10,2025-01-27 17:47:45.563 +0100
Landkreis Ludwigslust-Parchim,DE,Mecklenburg-Vorpommern,Landkreise,"19370",10,2025-02-10 13:56:28.896 +0100
Stadt Harsewinkel,DE,Nordrhein-Westfalen,Städte,"33428",2,2025-02-12 09:13:08.667 +0100
ALEGER GLOBAL GmbH,,Österreich,,,10,2024-01-10 10:53:26.827 +0100
Maep GmbH,,Sachsen,,,20,2023-09-27 11:03:42.414 +0200
Previon Plus AG,,,,,2,2024-06-10 10:40:37.848 +0200
Climartis Service AG,,,,,2,2024-06-10 10:40:10.703 +0200
Woche-Pass AG,,,,,2,2024-06-10 10:39:40.597 +0200
Läser AG,,,,,2,2024-06-10 10:39:04.675 +0200
ventuno GmbH,DE,Niedersachsen,Privatwirtschaftliche Unternehmen,"30159",11,2024-08-28 08:36:29.720 +0200
WFMG – Wirtschaftsförderung Mönchengladbach GmbH ,,Nordrhein-Westfalen,,,25,2026-01-19 15:29:46.807 +0100
SpeechMind GmbH,DE,Sachsen,Privatwirtschaftliche Unternehmen,"01097",22,2023-09-26 23:02:58.850 +0200
RAG-Stiftung,,,,,2,2024-01-30 10:19:24.351 +0100
Energieberatung Schmidt W.E.S.T. GmbH,,,,,2,2024-08-23 14:25:31.424 +0200
Sigmatic AG,,Schweiz,,,2,2024-05-15 12:26:26.548 +0200
ViewAR,,,,,2,2024-08-12 18:21:27.973 +0200
Lochen am See (Testlizenz),,,,,2,2026-05-11 16:12:09.712 +0200
Stiftung Bildung der katholischen Krankenhäuser,DE,Nordrhein-Westfalen,"Kammern, Verbände","56588",2,2025-09-22 12:13:13.169 +0200
Stadtverwaltung Kamen,,,,,90,2026-05-19 17:08:30.709 +0200
"Stiftung ""Seniorenhilfe Zeitz""",,Sachsen-Anhalt,,"06712",2,2026-05-15 10:38:07.986 +0200
Gemeinde Haiming,,,,,2,2026-05-18 08:57:27.873 +0200
Gemeinde Berndorf bei Salzburg,,,,,2,2026-05-21 12:02:05.107 +0200
Verbandsgemeindeverwaltung Nordpfälzer Land,DE,Rheinland-Pfalz,,"67806",5,2026-06-01 16:32:29.956 +0200
Stadt Tecklenburg,DE,Nordrhein-Westfalen,Städte,"49545",25,2026-05-11 10:37:52.667 +0200
IHK für Rheinhessen,DE,Hessen,"Kammern, Verbände","55116",10,2024-11-04 11:42:07.071 +0100
Mainzer Aufbaugesellschaft mbH,DE,Rheinland-Pfalz,Privatwirtschaftliche Unternehmen,"55131",25,2026-05-19 09:27:50.115 +0200
Lehner Versand AG,CH,Schweiz,Privatwirtschaftliche Unternehmen,"6210",2,2024-06-10 10:41:10.911 +0200
Gemeinde Riegelsberg,DE,Saarland,,"66292",5,2026-04-28 13:40:51.776 +0200
